; full-Degree_Centrality ; full-Eigenvector_Centrality ; full-Closeness ; full-Eccentricity ; full-Betweenness ; full-Pagerank_Centrality ; full-Hub ; full-assortativity_degree ; full-average_authority_score ; full-authority_score ; full-average_path_length ; full-clique_number ; full-coreness ; full-density ; full-diameter ; full-edge_count ; full-vertex_count ; full-average_eigenvector_centrality ; full-average_pagerank_centrality ; full-average_betweeness_centrality ; full-average_closeness ; full-average_eccentricity ; full-average_hub ; full-average_degree ; full-average_coreness ; before-Degree_Centrality ; before-Eigenvector_Centrality ; before-Closeness ; before-Eccentricity ; before-Betweenness ; before-Pagerank_Centrality ; before-Hub ; before-assortativity_degree ; before-average_authority_score ; before-authority_score ; before-average_path_length ; before-clique_number ; before-coreness ; before-density ; before-diameter ; before-edge_count ; before-vertex_count ; before-average_eigenvector_centrality ; before-average_pagerank_centrality ; before-average_betweeness_centrality ; before-average_closeness ; before-average_eccentricity ; before-average_hub ; before-average_degree ; before-average_coreness ; after-Degree_Centrality ; after-Eigenvector_Centrality ; after-Closeness ; after-Eccentricity ; after-Betweenness ; after-Pagerank_Centrality ; after-Hub ; after-assortativity_degree ; after-average_authority_score ; after-authority_score ; after-average_path_length ; after-clique_number ; after-coreness ; after-density ; after-diameter ; after-edge_count ; after-vertex_count ; after-average_eigenvector_centrality ; after-average_pagerank_centrality ; after-average_betweeness_centrality ; after-average_closeness ; after-average_eccentricity ; after-average_hub ; after-average_degree ; after-average_coreness ;
full-Degree_Centrality ; 1.0 ; -0.19436862081 ; 0.719261877142 ; 0.442405580869 ; 0.718572377392 ; -0.607018152177 ; 0.122607499804 ; 0.670564980657 ; -0.629659365051 ; -0.138092946742 ; 0.49847563561 ; 0.804052191454 ; 0.876387508665 ; -0.124419643348 ; 0.601933258326 ; 0.750595298713 ; 0.781827464662 ; -0.669138787181 ; -0.623580787722 ; 0.681559419834 ; 0.714283609754 ; 0.578757285559 ; -0.23089058762 ; 0.845801744247 ; 0.838064446958 ; 0.900841023804 ; -0.280796077421 ; -0.0675834870957 ; 0.451788154335 ; 0.568437779656 ; -0.616052775923 ; NOCORR ; 0.650472897507 ; -0.58408384688 ; -0.106474684778 ; 0.493513617808 ; 0.796056374233 ; 0.882036103122 ; -0.0926464387844 ; 0.591429256467 ; 0.71842151143 ; 0.781827464662 ; -0.644764854214 ; -0.623580787722 ; 0.62344513946 ; -0.0732110600171 ; 0.44969030055 ; -0.443036526251 ; 0.747788653732 ; 0.72828661489 ; 0.883293922104 ; -0.244858132449 ; NOCORR ; 0.426690228667 ; 0.579033871154 ; -0.60921798388 ; NOCORR ; 0.665888913177 ; -0.624442676376 ; -0.206533766625 ; 0.471071942644 ; 0.780566391739 ; 0.847436562061 ; -0.175820433944 ; 0.558235714808 ; 0.650329365887 ; 0.781827464662 ; -0.684077701629 ; -0.623580787722 ; 0.497026373781 ; NOCORR ; 0.307237869467 ; -0.457615224651 ; 0.62877549879 ; 0.587512839065 ;
full-Eigenvector_Centrality ; -0.19436862081 ; 1.0 ; -0.326661141505 ; -0.726188008073 ; NOCORR ; 0.607000587293 ; 0.519137796144 ; -0.657409168857 ; 0.628893643986 ; 0.507184917497 ; -0.535314797471 ; -0.623119547561 ; -0.476086554207 ; 0.223871993864 ; -0.651149246549 ; -0.480912846986 ; -0.639622174358 ; 0.775658565262 ; 0.578681555137 ; -0.633106099724 ; -0.360181986191 ; -0.657975570121 ; 0.397566181821 ; -0.598308899585 ; -0.572835924583 ; -0.163573977578 ; 0.86139758797 ; 0.0997379935169 ; -0.708831216959 ; NOCORR ; 0.612979914701 ; 0.488929985255 ; -0.663598389818 ; 0.617371708586 ; 0.535109250088 ; -0.508358201251 ; -0.604686885129 ; -0.365082469946 ; 0.165651155698 ; -0.64035653768 ; -0.420507971675 ; -0.639622174358 ; 0.704794058722 ; 0.578681555137 ; -0.458870664627 ; 0.104828403413 ; -0.4540476316 ; 0.537992619513 ; -0.469541786391 ; -0.437548548151 ; -0.144275458711 ; 0.875292404674 ; NOCORR ; -0.707544548847 ; 0.0703380960071 ; 0.605908073045 ; 0.542104845661 ; -0.650974614013 ; 0.626644989871 ; 0.551311390389 ; -0.483977731555 ; -0.594900523515 ; -0.35953456405 ; 0.254612491839 ; -0.621430953593 ; -0.456223902104 ; -0.639622174358 ; 0.738868471277 ; 0.578681555137 ; -0.483306764746 ; NOCORR ; -0.332950949483 ; 0.550671040814 ; -0.430509114185 ; -0.368139749682 ;
full-Closeness ; 0.719261877142 ; -0.326661141505 ; 1.0 ; 0.342995055946 ; 0.479512824306 ; -0.414722548668 ; -0.113273513613 ; 0.440563357373 ; -0.512101658559 ; -0.25715410456 ; 0.387409796149 ; 0.64468002367 ; 0.718609621126 ; -0.0861037378328 ; 0.44205644831 ; 0.825585586581 ; 0.783755336954 ; -0.517041237593 ; -0.414096957028 ; 0.711424872027 ; 0.97294688257 ; 0.397041026721 ; -0.340514293392 ; 0.76826996186 ; 0.740833796391 ; 0.618775635329 ; -0.365351987677 ; NOCORR ; 0.366442024042 ; 0.412751972407 ; -0.424957068602 ; -0.1785519562 ; 0.433993298811 ; -0.400996816476 ; -0.166600547495 ; 0.345830690151 ; 0.644615803959 ; 0.657301357634 ; NOCORR ; 0.418433828873 ; 0.763606229231 ; 0.783755336954 ; -0.472176314731 ; -0.414096957028 ; 0.645545757693 ; NOCORR ; 0.314662279338 ; -0.399619430921 ; 0.660658964461 ; 0.614440604285 ; 0.571823292226 ; -0.37366683884 ; 0.117245688928 ; 0.379364911353 ; 0.382772118571 ; -0.420617044075 ; -0.199224319135 ; 0.449099716592 ; -0.476360557499 ; -0.26505897696 ; 0.351485914819 ; 0.622812694742 ; 0.606157560887 ; -0.117302148756 ; 0.396008659542 ; 0.721527269328 ; 0.783755336954 ; -0.518266437187 ; -0.414096957028 ; 0.5602048318 ; 0.114694896708 ; 0.187715419709 ; -0.446248612458 ; 0.535294149311 ; 0.462509843356 ;
full-Eccentricity ; 0.442405580869 ; -0.726188008073 ; 0.342995055946 ; 1.0 ; 0.15233380828 ; -0.823575905584 ; -0.314280997509 ; 0.817502580806 ; -0.821116379646 ; -0.465824210683 ; 0.80957415135 ; 0.726057817355 ; 0.632735980373 ; NOCORR ; 0.874440842048 ; 0.435981783994 ; 0.634867871849 ; -0.805435947895 ; -0.812012318887 ; 0.632398397228 ; 0.36142286034 ; 0.90964649559 ; -0.454284603782 ; 0.652894128559 ; 0.653677077437 ; 0.383078036442 ; -0.690945536651 ; 0.0887565716521 ; 0.82964695336 ; 0.075188946181 ; -0.827082987056 ; -0.352112160808 ; 0.780705689274 ; -0.787122454958 ; -0.510498416751 ; 0.70400270821 ; 0.692779757501 ; 0.558592004993 ; 0.0655892410905 ; 0.808805052156 ; 0.371642212269 ; 0.634867871849 ; -0.790852223604 ; -0.812012318887 ; 0.42300216017 ; 0.094410859392 ; 0.60898362754 ; -0.658783709055 ; 0.502825319089 ; 0.49827122937 ; 0.413588303435 ; -0.684436332962 ; 0.111922379913 ; 0.831945291691 ; 0.0946540315188 ; -0.822542631177 ; -0.38608518659 ; 0.782370770593 ; -0.800450134972 ; -0.532823880212 ; 0.712418242941 ; 0.699793447263 ; 0.58914781074 ; NOCORR ; 0.803936463769 ; 0.432163215175 ; 0.634867871849 ; -0.796355013702 ; -0.812012318887 ; 0.488034196999 ; 0.110376819998 ; 0.555519376066 ; -0.638655680379 ; 0.528279743858 ; 0.498391767015 ;
full-Betweenness ; 0.718572377392 ; NOCORR ; 0.479512824306 ; 0.15233380828 ; 1.0 ; -0.2142598757 ; 0.121290727743 ; 0.278830554044 ; -0.303295021672 ; NOCORR ; 0.229833627389 ; 0.362622037227 ; 0.416346103263 ; -0.107432767226 ; 0.307492095627 ; 0.46587504679 ; 0.452945757067 ; -0.327262159491 ; -0.228820396322 ; 0.454048388117 ; 0.453605870743 ; 0.278263317588 ; -0.194245604822 ; 0.418698500748 ; 0.401729945344 ; 0.669298869124 ; NOCORR ; NOCORR ; 0.171268746387 ; 0.741917517722 ; -0.22265726264 ; 0.0759963089659 ; 0.274164173567 ; -0.233659005998 ; 0.0642587655235 ; 0.202956332618 ; 0.37029270217 ; 0.479488657595 ; -0.0660537814438 ; 0.273733183955 ; 0.485932470338 ; 0.452945757067 ; -0.272360727956 ; -0.228820396322 ; 0.450410996106 ; NOCORR ; 0.21100977842 ; -0.21144452256 ; 0.416623176077 ; 0.380534547623 ; 0.559569403993 ; NOCORR ; NOCORR ; 0.135377937991 ; 0.595182280916 ; -0.214448188622 ; 0.0736107402363 ; 0.272937657373 ; -0.284432013966 ; NOCORR ; 0.186403229499 ; 0.339736242632 ; 0.394590202517 ; -0.12349763623 ; 0.233286601008 ; 0.33121469297 ; 0.452945757067 ; -0.333176574925 ; -0.228820396322 ; 0.238121895284 ; NOCORR ; NOCORR ; -0.278735188399 ; 0.210730546591 ; 0.176175830152 ;
full-Pagerank_Centrality ; -0.607018152177 ; 0.607000587293 ; -0.414722548668 ; -0.823575905584 ; -0.2142598757 ; 1.0 ; 0.172294356009 ; -0.87717130199 ; 0.892297129868 ; 0.404409437556 ; -0.909105335297 ; -0.85251851756 ; -0.786453133325 ; -0.259123614503 ; -0.853129549855 ; -0.463514199268 ; -0.640593044428 ; 0.800781076002 ; 0.998768172566 ; -0.548651135506 ; -0.430472839679 ; -0.893234521052 ; 0.337858414986 ; -0.764359574573 ; -0.793320542336 ; -0.550850817698 ; 0.585363520061 ; -0.185618654114 ; -0.754198049613 ; -0.139860487238 ; 0.99576771433 ; 0.221340818757 ; -0.80983541537 ; 0.875116761298 ; 0.441792504131 ; -0.811082077033 ; -0.802878114913 ; -0.727734836953 ; -0.211222438939 ; -0.815190595965 ; -0.413818639238 ; -0.640593044428 ; 0.840989277212 ; 0.998768172566 ; -0.409267309455 ; -0.195790818202 ; -0.651679515302 ; 0.657280273405 ; -0.617673809351 ; -0.640061224097 ; -0.598344322799 ; 0.580125081874 ; -0.188288182723 ; -0.764494330427 ; -0.175652632286 ; 0.997406790092 ; 0.26233109901 ; -0.854823603092 ; 0.887568590085 ; 0.481691490131 ; -0.836003792295 ; -0.832149564398 ; -0.766964625767 ; -0.155520450753 ; -0.838351364014 ; -0.457372360955 ; -0.640593044428 ; 0.818158627733 ; 0.998768172566 ; -0.441476162173 ; -0.18934626816 ; -0.651492598286 ; 0.591585898429 ; -0.671300722657 ; -0.676119643496 ;
full-Hub ; 0.122607499804 ; 0.519137796144 ; -0.113273513613 ; -0.314280997509 ; 0.121290727743 ; 0.172294356009 ; 1.0 ; -0.098537062801 ; 0.306610533939 ; 0.722193544815 ; -0.300096675467 ; -0.113312797186 ; NOCORR ; -0.116760718261 ; -0.208972970197 ; -0.178313836513 ; -0.222512287254 ; 0.241211849578 ; 0.148294055826 ; -0.25970176739 ; -0.133627122169 ; -0.226359512956 ; 0.50117510974 ; -0.133204066525 ; -0.104825228563 ; 0.108115734225 ; 0.419682141475 ; -0.223224016583 ; -0.368156687182 ; 0.0908575089578 ; 0.184165508521 ; 0.893910881447 ; -0.142780579567 ; 0.339523023125 ; 0.712048431663 ; -0.382868319882 ; -0.139887457862 ; NOCORR ; -0.301339839303 ; -0.271474075651 ; -0.152934298216 ; -0.222512287254 ; 0.152349048279 ; 0.148294055826 ; -0.18415350452 ; -0.244022818082 ; -0.309245479013 ; 0.470934322651 ; -0.121981802706 ; -0.10279659674 ; 0.16315301079 ; 0.43307462407 ; -0.109507615241 ; -0.280576742738 ; 0.136732880125 ; 0.176636480092 ; 0.817732110898 ; -0.105580253954 ; 0.212820873002 ; 0.607523991074 ; -0.173659087977 ; -0.0937798317494 ; 0.0647755650679 ; -0.0678828629077 ; -0.164360977783 ; -0.159117098915 ; -0.222512287254 ; 0.197084432843 ; 0.148294055826 ; -0.186348847942 ; -0.112267787704 ; -0.075983445153 ; 0.346403612209 ; NOCORR ; NOCORR ;
full-assortativity_degree ; 0.670564980657 ; -0.657409168857 ; 0.440563357373 ; 0.817502580806 ; 0.278830554044 ; -0.87717130199 ; -0.098537062801 ; 1.0 ; -0.814221208674 ; -0.355857881336 ; 0.702044744216 ; 0.90592807106 ; 0.838264523457 ; -0.169716955644 ; 0.893342476643 ; 0.534222782378 ; 0.726869880065 ; -0.893496922313 ; -0.877674347047 ; 0.658179230755 ; 0.454417818005 ; 0.900288852944 ; -0.201006338947 ; 0.824106724958 ; 0.838167140038 ; 0.599707224011 ; -0.641918697842 ; -0.111607980276 ; 0.758890273091 ; 0.165736971155 ; -0.876514920862 ; -0.162087501667 ; 0.901106107176 ; -0.833641237898 ; -0.392898528968 ; 0.687938628143 ; 0.860859890387 ; 0.778014012445 ; -0.157028160025 ; 0.832280730595 ; 0.473854407445 ; 0.726869880065 ; -0.917227669646 ; -0.877674347047 ; 0.476133133738 ; -0.12289777958 ; 0.585623402042 ; -0.597237934587 ; 0.657050575274 ; 0.66435709551 ; 0.645393122595 ; -0.635615617358 ; NOCORR ; 0.753807401562 ; 0.213429731881 ; -0.877011174823 ; -0.2173050485 ; 0.949419766581 ; -0.8318896012 ; -0.458040258841 ; 0.658549837139 ; 0.881489173748 ; 0.81145468525 ; -0.232899206834 ; 0.838547350468 ; 0.521440571456 ; 0.726869880065 ; -0.898866820413 ; -0.877674347047 ; 0.51903872048 ; NOCORR ; 0.549330950178 ; -0.516521666016 ; 0.697413017195 ; 0.681101370135 ;
full-average_authority_score ; -0.629659365051 ; 0.628893643986 ; -0.512101658559 ; -0.821116379646 ; -0.303295021672 ; 0.892297129868 ; 0.306610533939 ; -0.814221208674 ; 1.0 ; 0.467518456758 ; -0.917923527118 ; -0.805747109885 ; -0.753205806643 ; -0.215212036597 ; -0.863920819565 ; -0.559568651549 ; -0.72359052556 ; 0.834893198022 ; 0.890981070064 ; -0.672800511968 ; -0.526022831497 ; -0.897390402269 ; 0.644834006317 ; -0.762930696828 ; -0.762147936309 ; -0.555649489404 ; 0.616349323911 ; -0.219225593481 ; -0.749920042581 ; -0.206990744269 ; 0.902013440855 ; 0.345749848012 ; -0.777544348889 ; 0.869946609139 ; 0.457207028898 ; -0.774033865029 ; -0.776782675586 ; -0.693900225966 ; -0.210280277709 ; -0.800666087115 ; -0.506791493845 ; -0.72359052556 ; 0.804531606681 ; 0.890981070064 ; -0.510279075315 ; -0.235496816488 ; -0.635090999475 ; 0.76442400339 ; -0.62108642553 ; -0.612572437642 ; -0.569737241365 ; 0.604605491024 ; -0.202636414794 ; -0.758731295107 ; -0.223597093194 ; 0.897587241936 ; 0.361816417348 ; -0.798984661113 ; 0.921750341895 ; 0.506008130457 ; -0.800222870479 ; -0.781699939369 ; -0.705637703924 ; -0.132380027017 ; -0.805947509527 ; -0.515508273666 ; -0.72359052556 ; 0.81771338505 ; 0.890981070064 ; -0.507593323092 ; -0.203331515849 ; -0.580688242984 ; 0.76849123876 ; -0.597897228884 ; -0.566354017908 ;
full-authority_score ; -0.138092946742 ; 0.507184917497 ; -0.25715410456 ; -0.465824210683 ; NOCORR ; 0.404409437556 ; 0.722193544815 ; -0.355857881336 ; 0.467518456758 ; 1.0 ; -0.432787292311 ; -0.361007500762 ; -0.314815373866 ; -0.0614994288237 ; -0.417553545228 ; -0.303753527508 ; -0.38669821811 ; 0.423934999122 ; 0.384506030473 ; -0.384751954038 ; -0.251658833185 ; -0.425885687961 ; 0.388737892242 ; -0.355458247147 ; -0.342494902223 ; -0.0899350576166 ; 0.49987797563 ; -0.143146419739 ; -0.524283546545 ; NOCORR ; 0.411823048346 ; 0.716818237823 ; -0.356442429315 ; 0.50092389765 ; 0.845651558157 ; -0.499926068429 ; -0.353916568656 ; -0.230837660265 ; -0.185006201888 ; -0.435230997884 ; -0.223615290229 ; -0.38669821811 ; 0.40378430824 ; 0.384506030473 ; -0.211127133248 ; -0.154326949483 ; -0.362131457012 ; 0.545714842226 ; -0.238385721911 ; -0.230636727814 ; -0.0988710690009 ; 0.533820631286 ; -0.101427742676 ; -0.475382212783 ; NOCORR ; 0.414909890027 ; 0.69782377972 ; -0.366309526273 ; 0.399688368403 ; 0.848736863238 ; -0.343334587815 ; -0.350417927326 ; -0.241033431325 ; NOCORR ; -0.378557478066 ; -0.326838061064 ; -0.38669821811 ; 0.387221591375 ; 0.384506030473 ; -0.339196876245 ; -0.0985225298591 ; -0.264409991201 ; 0.363706271797 ; -0.304009508692 ; -0.263922603011 ;
full-average_path_length ; 0.49847563561 ; -0.535314797471 ; 0.387409796149 ; 0.80957415135 ; 0.229833627389 ; -0.909105335297 ; -0.300096675467 ; 0.702044744216 ; -0.917923527118 ; -0.432787292311 ; 1.0 ; 0.684660064285 ; 0.628682806726 ; 0.472855716576 ; 0.825193017209 ; 0.421061119261 ; 0.582543705231 ; -0.706869683646 ; -0.907233104577 ; 0.556114830499 ; 0.398159813438 ; 0.879500460104 ; -0.632058890612 ; 0.621406457194 ; 0.633289781354 ; 0.439669736819 ; -0.526617909036 ; 0.382846885111 ; 0.714845094915 ; 0.129486472499 ; -0.912686083645 ; -0.33837413397 ; 0.663074663355 ; -0.817351109646 ; -0.459392139224 ; 0.800650720414 ; 0.651687671985 ; 0.57764537527 ; 0.42525336508 ; 0.745610581168 ; 0.370380342009 ; 0.582543705231 ; -0.700277705655 ; -0.907233104577 ; 0.386463806669 ; 0.41135251959 ; 0.629085549138 ; -0.728309011304 ; 0.496021409798 ; 0.503102313808 ; 0.468861196253 ; -0.517780504367 ; 0.308855220191 ; 0.732256876792 ; 0.160048335378 ; -0.909910241228 ; -0.349550966875 ; 0.68333089259 ; -0.861456748807 ; -0.469914942806 ; 0.865850596485 ; 0.667806173344 ; 0.60323980787 ; 0.372826448464 ; 0.771577620237 ; 0.404923538075 ; 0.582543705231 ; -0.701029500865 ; -0.907233104577 ; 0.421095984615 ; 0.310594739009 ; 0.631271186888 ; -0.726592454093 ; 0.513207239869 ; 0.503652668443 ;
full-clique_number ; 0.804052191454 ; -0.623119547561 ; 0.64468002367 ; 0.726057817355 ; 0.362622037227 ; -0.85251851756 ; -0.113312797186 ; 0.90592807106 ; -0.805747109885 ; -0.361007500762 ; 0.684660064285 ; 1.0 ; 0.960649261641 ; -0.113660536951 ; 0.805927244723 ; 0.741284874683 ; 0.858483077715 ; -0.859249594189 ; -0.851985831406 ; 0.752052690283 ; 0.665074135956 ; 0.805009330668 ; -0.250968494573 ; 0.962060998523 ; 0.973945170562 ; 0.720792491556 ; -0.621296297865 ; -0.0610691768393 ; 0.709887720318 ; 0.25640844034 ; -0.85673897811 ; -0.183448418697 ; 0.861180259334 ; -0.795277064837 ; -0.366255004767 ; 0.672894854209 ; 0.949927846185 ; 0.885157711199 ; -0.0947199218499 ; 0.79016036398 ; 0.670760328981 ; 0.858483077715 ; -0.861825173383 ; -0.851985831406 ; 0.601203543737 ; -0.0687567461764 ; 0.586049501705 ; -0.584531172466 ; 0.798457597882 ; 0.796672659467 ; 0.749537050101 ; -0.617579256131 ; NOCORR ; 0.705173132699 ; 0.305337339433 ; -0.854246063117 ; -0.236022453943 ; 0.891601911339 ; -0.812813337375 ; -0.443254858503 ; 0.650821512498 ; 0.966322939472 ; 0.897930412222 ; -0.181403937288 ; 0.781677495549 ; 0.70586939319 ; 0.858483077715 ; -0.868728721652 ; -0.851985831406 ; 0.59900980822 ; NOCORR ; 0.497555613228 ; -0.543517042941 ; 0.797706685787 ; 0.769933150077 ;
full-coreness ; 0.876387508665 ; -0.476086554207 ; 0.718609621126 ; 0.632735980373 ; 0.416346103263 ; -0.786453133325 ; NOCORR ; 0.838264523457 ; -0.753205806643 ; -0.314815373866 ; 0.628682806726 ; 0.960649261641 ; 1.0 ; -0.104817898309 ; 0.744092810685 ; 0.798102451571 ; 0.869734823115 ; -0.796566112492 ; -0.79102587781 ; 0.753970856967 ; 0.730729442192 ; 0.729760555345 ; -0.235534623461 ; 0.966622155656 ; 0.974725589194 ; 0.784468163009 ; -0.521834039941 ; NOCORR ; 0.631744753876 ; 0.322982100198 ; -0.792635090126 ; -0.125372944995 ; 0.80074746941 ; -0.729461272971 ; -0.298518188233 ; 0.623038703019 ; 0.925942313606 ; 0.924569968557 ; -0.0842054989153 ; 0.729910518869 ; 0.729634467292 ; 0.869734823115 ; -0.79607152912 ; -0.79102587781 ; 0.630708154071 ; -0.0605557629009 ; 0.547705067104 ; -0.540027037043 ; 0.815641469404 ; 0.807320320932 ; 0.799045146828 ; -0.510966987862 ; NOCORR ; 0.628190969916 ; 0.356380685166 ; -0.789611024867 ; -0.167384317293 ; 0.827977779095 ; -0.757613509711 ; -0.387516115502 ; 0.602437476651 ; 0.935053887122 ; 0.925960206141 ; -0.168615999374 ; 0.714676755452 ; 0.743876354939 ; 0.869734823115 ; -0.810709020909 ; -0.79102587781 ; 0.600131885996 ; NOCORR ; 0.447395983892 ; -0.51285601708 ; 0.78668559211 ; 0.75282739959 ;
full-density ; -0.124419643348 ; 0.223871993864 ; -0.0861037378328 ; NOCORR ; -0.107432767226 ; -0.259123614503 ; -0.116760718261 ; -0.169716955644 ; -0.215212036597 ; -0.0614994288237 ; 0.472855716576 ; -0.113660536951 ; -0.104817898309 ; 1.0 ; NOCORR ; -0.207976666815 ; -0.240819673617 ; 0.267459201439 ; -0.2598981098 ; -0.273920297985 ; -0.0853655559159 ; NOCORR ; -0.316299712698 ; -0.153376870517 ; -0.103023776538 ; -0.0899934587498 ; 0.227885764729 ; 0.70585988522 ; NOCORR ; -0.0715037675359 ; -0.251318802393 ; -0.077535964314 ; -0.19463118114 ; -0.102735314407 ; -0.0638149451354 ; 0.26414992438 ; -0.136266791427 ; -0.0890426678861 ; 0.856717198316 ; NOCORR ; -0.183342979172 ; -0.240819673617 ; 0.202558055478 ; -0.2598981098 ; -0.197232609281 ; 0.754247418024 ; 0.146498712461 ; -0.142102336279 ; -0.10806653963 ; -0.0588640145962 ; -0.0691545765092 ; 0.214856229938 ; 0.475372728792 ; NOCORR ; -0.0717744352958 ; -0.259034224971 ; NOCORR ; -0.173022241439 ; -0.139904254453 ; NOCORR ; 0.385491318231 ; -0.110864781563 ; -0.0655939991761 ; 0.915929653585 ; NOCORR ; -0.182220044486 ; -0.240819673617 ; 0.23580809293 ; -0.2598981098 ; -0.19598866214 ; 0.480619021479 ; 0.285560083048 ; -0.152068120483 ; NOCORR ; NOCORR ;
full-diameter ; 0.601933258326 ; -0.651149246549 ; 0.44205644831 ; 0.874440842048 ; 0.307492095627 ; -0.853129549855 ; -0.208972970197 ; 0.893342476643 ; -0.863920819565 ; -0.417553545228 ; 0.825193017209 ; 0.805927244723 ; 0.744092810685 ; NOCORR ; 1.0 ; 0.539242618005 ; 0.732835442826 ; -0.865337328051 ; -0.851474260317 ; 0.733280836909 ; 0.451038341906 ; 0.970467569669 ; -0.424745869261 ; 0.744815564341 ; 0.743725007537 ; 0.520685875279 ; -0.652977508692 ; NOCORR ; 0.792713619517 ; 0.170845248203 ; -0.856063656134 ; -0.27761334899 ; 0.823518471646 ; -0.823147814478 ; -0.444088983507 ; 0.722786213765 ; 0.767081000315 ; 0.677498505844 ; NOCORR ; 0.842975807136 ; 0.472626578967 ; 0.732835442826 ; -0.861643153658 ; -0.851474260317 ; 0.502959030017 ; NOCORR ; 0.600785692144 ; -0.684581865453 ; 0.580063134758 ; 0.570903238589 ; 0.550290143837 ; -0.648581327764 ; 0.0849323621442 ; 0.79209769887 ; 0.198992516743 ; -0.85417072405 ; -0.318787439581 ; 0.851949535679 ; -0.845483865157 ; -0.489956044408 ; 0.726695089517 ; 0.787184013579 ; 0.705551781598 ; -0.0711559885188 ; 0.84751558103 ; 0.513085782894 ; 0.732835442826 ; -0.858458202111 ; -0.851474260317 ; 0.540109432549 ; 0.0843704221421 ; 0.562602587017 ; -0.645572218589 ; 0.592464642276 ; 0.559517270289 ;
full-edge_count ; 0.750595298713 ; -0.480912846986 ; 0.825585586581 ; 0.435981783994 ; 0.46587504679 ; -0.463514199268 ; -0.178313836513 ; 0.534222782378 ; -0.559568651549 ; -0.303753527508 ; 0.421061119261 ; 0.741284874683 ; 0.798102451571 ; -0.207976666815 ; 0.539242618005 ; 1.0 ; 0.94743100833 ; -0.651433985486 ; -0.460456739125 ; 0.896838087801 ; 0.843382085313 ; 0.487795587625 ; -0.383245639217 ; 0.873365903535 ; 0.831103579892 ; 0.646007319376 ; -0.509948110312 ; -0.0805638868002 ; 0.486799438389 ; 0.39077479195 ; -0.476742294021 ; -0.250144145202 ; 0.547129621235 ; -0.472248878491 ; -0.235491149884 ; 0.407119739697 ; 0.745814974719 ; 0.714711224951 ; -0.139924780687 ; 0.531068086732 ; 0.919800232418 ; 0.94743100833 ; -0.574017025064 ; -0.460456739125 ; 0.783159080138 ; -0.0838523579269 ; 0.383861645908 ; -0.45935098254 ; 0.754063728271 ; 0.695235254596 ; 0.599556616254 ; -0.500503238566 ; NOCORR ; 0.471728435624 ; 0.373046879533 ; -0.468774109104 ; -0.272614954537 ; 0.541872943946 ; -0.537448943707 ; -0.329272389025 ; 0.391998750931 ; 0.716872029712 ; 0.661905348188 ; -0.225570634298 ; 0.497506928843 ; 0.88276594645 ; 0.94743100833 ; -0.636702779241 ; -0.460456739125 ; 0.674194643308 ; NOCORR ; 0.202715520839 ; -0.518051140962 ; 0.601429062083 ; 0.51239204274 ;
full-vertex_count ; 0.781827464662 ; -0.639622174358 ; 0.783755336954 ; 0.634867871849 ; 0.452945757067 ; -0.640593044428 ; -0.222512287254 ; 0.726869880065 ; -0.72359052556 ; -0.38669821811 ; 0.582543705231 ; 0.858483077715 ; 0.869734823115 ; -0.240819673617 ; 0.732835442826 ; 0.94743100833 ; 1.0 ; -0.842261556349 ; -0.636787303086 ; 0.964449385412 ; 0.800896779765 ; 0.69976978138 ; -0.446182905982 ; 0.933897491503 ; 0.896413592893 ; 0.671999272277 ; -0.660343073528 ; -0.0994760193109 ; 0.659996076118 ; 0.353824946857 ; -0.653909490565 ; -0.304254944568 ; 0.727931237705 ; -0.651889372157 ; -0.3436714296 ; 0.552544164498 ; 0.853836739086 ; 0.78202444318 ; -0.17011556057 ; 0.705153312448 ; 0.859928983495 ; 1.0 ; -0.765577980692 ; -0.636787303086 ; 0.781592489966 ; -0.104149517668 ; 0.496429185298 ; -0.593661173993 ; 0.780517156059 ; 0.728534548305 ; 0.64636310393 ; -0.646265485306 ; NOCORR ; 0.647460205635 ; 0.350304868233 ; -0.645152201422 ; -0.334780441499 ; 0.729906578867 ; -0.706703349603 ; -0.434321138653 ; 0.535096484099 ; 0.833554425217 ; 0.751340996754 ; -0.269556209854 ; 0.67857322737 ; 0.851044856212 ; 1.0 ; -0.818782285066 ; -0.636787303086 ; 0.725698157246 ; NOCORR ; 0.330444902405 ; -0.629647626043 ; 0.66443906001 ; 0.578158928625 ;
full-average_eigenvector_centrality ; -0.669138787181 ; 0.775658565262 ; -0.517041237593 ; -0.805435947895 ; -0.327262159491 ; 0.800781076002 ; 0.241211849578 ; -0.893496922313 ; 0.834893198022 ; 0.423934999122 ; -0.706869683646 ; -0.859249594189 ; -0.796566112492 ; 0.267459201439 ; -0.865337328051 ; -0.651433985486 ; -0.842261556349 ; 1.0 ; 0.798264484071 ; -0.808218067829 ; -0.528623816206 ; -0.871574337157 ; 0.449592921613 ; -0.829743137026 ; -0.801969762508 ; -0.582531699367 ; 0.758829807886 ; 0.138143941214 ; -0.788528719261 ; -0.221783790804 ; 0.811631463218 ; 0.306505603574 ; -0.882320794006 ; 0.819000878312 ; 0.448880409332 ; -0.670983134202 ; -0.844784117722 ; -0.728978753895 ; 0.206698585408 ; -0.82732551896 ; -0.583519219975 ; -0.842261556349 ; 0.928679034291 ; 0.798264484071 ; -0.598887905122 ; 0.145408022695 ; -0.576837321699 ; 0.680749735854 ; -0.664168706712 ; -0.634114376852 ; -0.587616675072 ; 0.735227920649 ; NOCORR ; -0.769765009286 ; -0.235696124707 ; 0.802024874602 ; 0.341841878275 ; -0.884185493442 ; 0.835706340414 ; 0.501787038975 ; -0.641171937931 ; -0.838212655462 ; -0.730639506046 ; 0.314988340066 ; -0.805522114704 ; -0.604288244285 ; -0.842261556349 ; 0.960653787769 ; 0.798264484071 ; -0.605697892847 ; NOCORR ; -0.447625411053 ; 0.676378596717 ; -0.614263642676 ; -0.548712511921 ;
full-average_pagerank_centrality ; -0.623580787722 ; 0.578681555137 ; -0.414096957028 ; -0.812012318887 ; -0.228820396322 ; 0.998768172566 ; 0.148294055826 ; -0.877674347047 ; 0.890981070064 ; 0.384506030473 ; -0.907233104577 ; -0.851985831406 ; -0.79102587781 ; -0.2598981098 ; -0.851474260317 ; -0.460456739125 ; -0.636787303086 ; 0.798264484071 ; 1.0 ; -0.543400150549 ; -0.428986113484 ; -0.891631232417 ; 0.330310190949 ; -0.763308652708 ; -0.792685720563 ; -0.565367551512 ; 0.563065663353 ; -0.183636212337 ; -0.743217073268 ; -0.14845966131 ; 0.994482175817 ; 0.200666933608 ; -0.808463514076 ; 0.874571366195 ; 0.423188861444 ; -0.809553348149 ; -0.802669400625 ; -0.736578717765 ; -0.210280551738 ; -0.812657422909 ; -0.411752279279 ; -0.636787303086 ; 0.840616688478 ; 1.0 ; -0.405552648268 ; -0.193707719049 ; -0.647995642984 ; 0.654149865781 ; -0.616962313112 ; -0.640226051732 ; -0.615615868338 ; 0.555955315202 ; -0.186521085286 ; -0.752306805358 ; -0.188701245533 ; 0.996280055622 ; 0.240195143661 ; -0.855438813126 ; 0.886795693083 ; 0.463712816655 ; -0.834731728637 ; -0.832845286492 ; -0.77692719957 ; -0.156126570317 ; -0.837262637393 ; -0.454150401537 ; -0.636787303086 ; 0.815997358021 ; 1.0 ; -0.437125677319 ; -0.187414077931 ; -0.651920363873 ; 0.585716208494 ; -0.672008798171 ; -0.678087784231 ;
full-average_betweeness_centrality ; 0.681559419834 ; -0.633106099724 ; 0.711424872027 ; 0.632398397228 ; 0.454048388117 ; -0.548651135506 ; -0.25970176739 ; 0.658179230755 ; -0.672800511968 ; -0.384751954038 ; 0.556114830499 ; 0.752052690283 ; 0.753970856967 ; -0.273920297985 ; 0.733280836909 ; 0.896838087801 ; 0.964449385412 ; -0.808218067829 ; -0.543400150549 ; 1.0 ; 0.724326376787 ; 0.70210184995 ; -0.498151642415 ; 0.82679481815 ; 0.779976960737 ; 0.570002303289 ; -0.655206738735 ; -0.10545562451 ; 0.648068233358 ; 0.317620516271 ; -0.563351187348 ; -0.338625064563 ; 0.662682249082 ; -0.588895856231 ; -0.340981244096 ; 0.499697718171 ; 0.752596270358 ; 0.667900369628 ; -0.190319546431 ; 0.670149787223 ; 0.801830056812 ; 0.964449385412 ; -0.713205547543 ; -0.543400150549 ; 0.754470180111 ; -0.1087513905 ; 0.444150085791 ; -0.584914768295 ; 0.674788688719 ; 0.612536586521 ; 0.539644693003 ; -0.6461205439 ; NOCORR ; 0.638154154283 ; 0.313780331233 ; -0.553675605119 ; -0.36749748104 ; 0.65935585665 ; -0.64762242202 ; -0.420114876771 ; 0.489273506981 ; 0.731032396513 ; 0.636676179225 ; -0.284392569893 ; 0.649937320079 ; 0.804040141881 ; 0.964449385412 ; -0.769070866407 ; -0.543400150549 ; 0.729088419263 ; NOCORR ; 0.293238665063 ; -0.631447294634 ; 0.558052628206 ; 0.464346943398 ;
full-average_closeness ; 0.714283609754 ; -0.360181986191 ; 0.97294688257 ; 0.36142286034 ; 0.453605870743 ; -0.430472839679 ; -0.133627122169 ; 0.454417818005 ; -0.526022831497 ; -0.251658833185 ; 0.398159813438 ; 0.665074135956 ; 0.730729442192 ; -0.0853655559159 ; 0.451038341906 ; 0.843382085313 ; 0.800896779765 ; -0.528623816206 ; -0.428986113484 ; 0.724326376787 ; 1.0 ; 0.407996485487 ; -0.342329618495 ; 0.791057909042 ; 0.763540586351 ; 0.614856286615 ; -0.389468547954 ; NOCORR ; 0.382451007976 ; 0.393330151938 ; -0.440585212921 ; -0.19379996358 ; 0.446869736659 ; -0.415595627784 ; -0.167964857209 ; 0.356738274181 ; 0.661539016918 ; 0.662840312802 ; NOCORR ; 0.434118529165 ; 0.781841531299 ; 0.800896779765 ; -0.485056478854 ; -0.428986113484 ; 0.667278038775 ; NOCORR ; 0.329548076817 ; -0.407884148355 ; 0.682847499976 ; 0.635473161967 ; 0.577630608262 ; -0.390999958889 ; 0.113349301733 ; 0.392149707721 ; 0.373266763847 ; -0.435744560626 ; -0.209229596029 ; 0.463755328299 ; -0.490461371637 ; -0.260328909791 ; 0.362734083589 ; 0.644242074481 ; 0.616620758656 ; -0.11870311506 ; 0.412407832189 ; 0.738568007444 ; 0.800896779765 ; -0.532144728806 ; -0.428986113484 ; 0.576739034197 ; 0.112694597083 ; 0.197785866769 ; -0.455070500657 ; 0.553896176473 ; 0.481484727926 ;
full-average_eccentricity ; 0.578757285559 ; -0.657975570121 ; 0.397041026721 ; 0.90964649559 ; 0.278263317588 ; -0.893234521052 ; -0.226359512956 ; 0.900288852944 ; -0.897390402269 ; -0.425885687961 ; 0.879500460104 ; 0.805009330668 ; 0.729760555345 ; NOCORR ; 0.970467569669 ; 0.487795587625 ; 0.69976978138 ; -0.871574337157 ; -0.891631232417 ; 0.70210184995 ; 0.407996485487 ; 1.0 ; -0.45979223198 ; 0.725263188508 ; 0.728172273436 ; 0.501813695794 ; -0.654659330196 ; 0.0835086407757 ; 0.813968891124 ; 0.130701679357 ; -0.896783248894 ; -0.290186176741 ; 0.835646272131 ; -0.85558590835 ; -0.465836178402 ; 0.758569249613 ; 0.766067555918 ; 0.668534586146 ; 0.0585569969 ; 0.854327620421 ; 0.420046683176 ; 0.69976978138 ; -0.868128813796 ; -0.891631232417 ; 0.45879283415 ; 0.0894171878358 ; 0.627152767991 ; -0.709334989115 ; 0.559764678383 ; 0.556537414267 ; 0.544544041634 ; -0.646871054374 ; 0.111715253665 ; 0.816086188546 ; 0.183990673522 ; -0.893607481835 ; -0.326794662809 ; 0.862340803022 ; -0.875372114092 ; -0.499192308212 ; 0.771259200522 ; 0.78529946983 ; 0.702323740757 ; NOCORR ; 0.868859690283 ; 0.477796812094 ; 0.69976978138 ; -0.863336886191 ; -0.891631232417 ; 0.524866472437 ; 0.111427967732 ; 0.60433499656 ; -0.670910357112 ; 0.592126422642 ; 0.566052698744 ;
full-average_hub ; -0.23089058762 ; 0.397566181821 ; -0.340514293392 ; -0.454284603782 ; -0.194245604822 ; 0.337858414986 ; 0.50117510974 ; -0.201006338947 ; 0.644834006317 ; 0.388737892242 ; -0.632058890612 ; -0.250968494573 ; -0.235534623461 ; -0.316299712698 ; -0.424745869261 ; -0.383245639217 ; -0.446182905982 ; 0.449592921613 ; 0.330310190949 ; -0.498151642415 ; -0.342329618495 ; -0.45979223198 ; 1.0 ; -0.301830027028 ; -0.247462439906 ; -0.18114107505 ; 0.395422267255 ; -0.363656919191 ; -0.411071775331 ; -0.140596730388 ; 0.367823971286 ; 0.498463128643 ; -0.275534439384 ; 0.432578833572 ; 0.365188053214 ; -0.418459074146 ; -0.281658921622 ; -0.202291362013 ; -0.363653592102 ; -0.372216881343 ; -0.344800281272 ; -0.446182905982 ; 0.283568321859 ; 0.330310190949 ; -0.368471620736 ; -0.399896310464 ; -0.352636151527 ; 0.612533908015 ; -0.252480667182 ; -0.204970295655 ; -0.131738096051 ; 0.371312318892 ; -0.25465893006 ; -0.413298182411 ; -0.11413863938 ; 0.351115664303 ; 0.449094938872 ; -0.216335419653 ; 0.517335448802 ; 0.345094765539 ; -0.471486053573 ; -0.241490833173 ; -0.162276048706 ; -0.285435153486 ; -0.345854152854 ; -0.324025196982 ; -0.446182905982 ; 0.364976806654 ; 0.330310190949 ; -0.339210519832 ; -0.254437377184 ; -0.233092442565 ; 0.766209360615 ; -0.124518665376 ; NOCORR ;
full-average_degree ; 0.845801744247 ; -0.598308899585 ; 0.76826996186 ; 0.652894128559 ; 0.418698500748 ; -0.764359574573 ; -0.133204066525 ; 0.824106724958 ; -0.762930696828 ; -0.355458247147 ; 0.621406457194 ; 0.962060998523 ; 0.966622155656 ; -0.153376870517 ; 0.744815564341 ; 0.873365903535 ; 0.933897491503 ; -0.829743137026 ; -0.763308652708 ; 0.82679481815 ; 0.791057909042 ; 0.725263188508 ; -0.301830027028 ; 1.0 ; 0.988826261678 ; 0.753554786149 ; -0.611020781138 ; -0.0742596116264 ; 0.659938082893 ; 0.330459991345 ; -0.772596962051 ; -0.210479800131 ; 0.800623951019 ; -0.725017238095 ; -0.332401480001 ; 0.61446686025 ; 0.939078831047 ; 0.890014505526 ; -0.116226779241 ; 0.736478403159 ; 0.801604950124 ; 0.933897491503 ; -0.805706154207 ; -0.763308652708 ; 0.702142933372 ; -0.0809952376853 ; 0.552482372705 ; -0.566768881145 ; 0.845676568262 ; 0.823119514733 ; 0.751895326464 ; -0.603990723866 ; NOCORR ; 0.651107368109 ; 0.350530776202 ; -0.767597907694 ; -0.254650975259 ; 0.819065524103 ; -0.761109112097 ; -0.423463170627 ; 0.591912856764 ; 0.935358131648 ; 0.87416938104 ; -0.210356954223 ; 0.715009607332 ; 0.803231342921 ; 0.933897491503 ; -0.836625594335 ; -0.763308652708 ; 0.650288456644 ; NOCORR ; 0.417978893508 ; -0.563265470843 ; 0.782122012757 ; 0.727592198877 ;
full-average_coreness ; 0.838064446958 ; -0.572835924583 ; 0.740833796391 ; 0.653677077437 ; 0.401729945344 ; -0.793320542336 ; -0.104825228563 ; 0.838167140038 ; -0.762147936309 ; -0.342494902223 ; 0.633289781354 ; 0.973945170562 ; 0.974725589194 ; -0.103023776538 ; 0.743725007537 ; 0.831103579892 ; 0.896413592893 ; -0.801969762508 ; -0.792685720563 ; 0.779976960737 ; 0.763540586351 ; 0.728172273436 ; -0.247462439906 ; 0.988826261678 ; 1.0 ; 0.754107180301 ; -0.582445201189 ; NOCORR ; 0.653821426461 ; 0.317607399394 ; -0.798413459218 ; -0.179219115439 ; 0.803006554071 ; -0.732812998262 ; -0.322313967208 ; 0.628024571867 ; 0.940634699422 ; 0.898861613772 ; -0.0808054235291 ; 0.738810385772 ; 0.765434337162 ; 0.896413592893 ; -0.798840655225 ; -0.792685720563 ; 0.667256511206 ; NOCORR ; 0.560440826057 ; -0.546763978915 ; 0.841071038975 ; 0.830262158651 ; 0.757310061337 ; -0.578801313688 ; NOCORR ; 0.649434399681 ; 0.335655542747 ; -0.795786740331 ; -0.227114443879 ; 0.828974774862 ; -0.763473192636 ; -0.414396114618 ; 0.60757290836 ; 0.944151239398 ; 0.890579763539 ; -0.16714698456 ; 0.721814337343 ; 0.766877141997 ; 0.896413592893 ; -0.818912179044 ; -0.792685720563 ; 0.615394513073 ; NOCORR ; 0.44415397263 ; -0.527150997531 ; 0.793647575088 ; 0.75690372279 ;
before-Degree_Centrality ; 0.900841023804 ; -0.163573977578 ; 0.618775635329 ; 0.383078036442 ; 0.669298869124 ; -0.550850817698 ; 0.108115734225 ; 0.599707224011 ; -0.555649489404 ; -0.0899350576166 ; 0.439669736819 ; 0.720792491556 ; 0.784468163009 ; -0.0899934587498 ; 0.520685875279 ; 0.646007319376 ; 0.671999272277 ; -0.582531699367 ; -0.565367551512 ; 0.570002303289 ; 0.614856286615 ; 0.501813695794 ; -0.18114107505 ; 0.753554786149 ; 0.754107180301 ; 1.0 ; -0.152400705784 ; NOCORR ; 0.372436655399 ; 0.703493374658 ; -0.558160337781 ; 0.090239210222 ; 0.616469612572 ; -0.527693348749 ; NOCORR ; 0.475735098195 ; 0.760732011665 ; 0.896529161843 ; NOCORR ; 0.555799716752 ; 0.700829504615 ; 0.671999272277 ; -0.515654182558 ; -0.565367551512 ; 0.637492808795 ; NOCORR ; 0.516129684553 ; -0.331231917763 ; 0.785770722964 ; 0.778557257086 ; 0.645859565085 ; -0.269566023126 ; NOCORR ; 0.388125548542 ; 0.308255155283 ; -0.554181557543 ; NOCORR ; 0.584069464351 ; -0.55624827412 ; -0.194730502705 ; 0.405367304399 ; 0.672943160913 ; 0.685299270842 ; -0.167117201849 ; 0.469132183959 ; 0.476566224293 ; 0.671999272277 ; -0.630647081827 ; -0.565367551512 ; 0.314888386858 ; NOCORR ; 0.198024237711 ; -0.427566681258 ; 0.466999100379 ; 0.438026927625 ;
before-Eigenvector_Centrality ; -0.280796077421 ; 0.86139758797 ; -0.365351987677 ; -0.690945536651 ; NOCORR ; 0.585363520061 ; 0.419682141475 ; -0.641918697842 ; 0.616349323911 ; 0.49987797563 ; -0.526617909036 ; -0.621296297865 ; -0.521834039941 ; 0.227885764729 ; -0.652977508692 ; -0.509948110312 ; -0.660343073528 ; 0.758829807886 ; 0.563065663353 ; -0.655206738735 ; -0.389468547954 ; -0.654659330196 ; 0.395422267255 ; -0.611020781138 ; -0.582445201189 ; -0.152400705784 ; 1.0 ; 0.0971823532156 ; -0.796532519837 ; NOCORR ; 0.615121474024 ; 0.614534129738 ; -0.72032074382 ; 0.59235005117 ; 0.584134127114 ; -0.532575009997 ; -0.643313070707 ; -0.367604504243 ; 0.141638248878 ; -0.696594075103 ; -0.493264841806 ; -0.660343073528 ; 0.655592025157 ; 0.563065663353 ; -0.550348534019 ; 0.102157874556 ; -0.580449081974 ; 0.487077527248 ; -0.559512105403 ; -0.524244165743 ; -0.292304097481 ; 0.67187860629 ; 0.0893907021672 ; -0.611829771072 ; -0.062785447988 ; 0.573501622183 ; 0.375437234682 ; -0.615374406111 ; 0.624656159339 ; 0.485816950312 ; -0.456432702799 ; -0.579148989784 ; -0.445117328237 ; 0.280218617894 ; -0.576575458125 ; -0.420444229458 ; -0.660343073528 ; 0.762244435212 ; 0.563065663353 ; -0.374556233349 ; 0.091699593588 ; -0.195310752559 ; 0.594451675406 ; -0.33991889543 ; -0.279394022004 ;
before-Closeness ; -0.0675834870957 ; 0.0997379935169 ; NOCORR ; 0.0887565716521 ; NOCORR ; -0.185618654114 ; -0.223224016583 ; -0.111607980276 ; -0.219225593481 ; -0.143146419739 ; 0.382846885111 ; -0.0610691768393 ; NOCORR ; 0.70585988522 ; NOCORR ; -0.0805638868002 ; -0.0994760193109 ; 0.138143941214 ; -0.183636212337 ; -0.10545562451 ; NOCORR ; 0.0835086407757 ; -0.363656919191 ; -0.0742596116264 ; NOCORR ; NOCORR ; 0.0971823532156 ; 1.0 ; NOCORR ; NOCORR ; -0.190268637385 ; -0.193524392725 ; -0.097809514353 ; -0.0754671568602 ; -0.152485072971 ; 0.196680222128 ; -0.0585899818072 ; NOCORR ; 0.633678360021 ; NOCORR ; -0.0619156449965 ; -0.0994760193109 ; 0.150625082185 ; -0.183636212337 ; -0.0648869842002 ; 0.991387590384 ; 0.162535924546 ; -0.115289601773 ; NOCORR ; NOCORR ; -0.0700591631693 ; 0.105487117774 ; 0.36469607011 ; NOCORR ; NOCORR ; -0.182336250367 ; -0.110823272494 ; -0.148532703943 ; -0.124557942676 ; NOCORR ; 0.254424846715 ; -0.0826637374806 ; -0.0646365864015 ; 0.595798946728 ; NOCORR ; -0.0851734116195 ; -0.0994760193109 ; 0.101055850191 ; -0.183636212337 ; -0.0910010901806 ; 0.367965722191 ; 0.120880557553 ; -0.213165325432 ; -0.0734724878073 ; NOCORR ;
before-Eccentricity ; 0.451788154335 ; -0.708831216959 ; 0.366442024042 ; 0.82964695336 ; 0.171268746387 ; -0.754198049613 ; -0.368156687182 ; 0.758890273091 ; -0.749920042581 ; -0.524283546545 ; 0.714845094915 ; 0.709887720318 ; 0.631744753876 ; NOCORR ; 0.792713619517 ; 0.486799438389 ; 0.659996076118 ; -0.788528719261 ; -0.743217073268 ; 0.648068233358 ; 0.382451007976 ; 0.813968891124 ; -0.411071775331 ; 0.659938082893 ; 0.653821426461 ; 0.372436655399 ; -0.796532519837 ; NOCORR ; 1.0 ; 0.0831264516795 ; -0.772762512936 ; -0.504584034694 ; 0.820231437349 ; -0.810058902305 ; -0.608982830756 ; 0.804742383275 ; 0.72265859851 ; 0.563117372343 ; 0.119315696445 ; 0.917166741484 ; 0.466420285671 ; 0.659996076118 ; -0.730332694975 ; -0.743217073268 ; 0.541223931139 ; NOCORR ; 0.789654683629 ; -0.674245603963 ; 0.597956909087 ; 0.590319279567 ; 0.43238762786 ; -0.60672458507 ; NOCORR ; 0.658936918858 ; 0.145886768289 ; -0.744962104617 ; -0.372714889661 ; 0.70987362016 ; -0.731389245542 ; -0.519116769552 ; 0.595484743641 ; 0.668778533985 ; 0.574913147812 ; -0.122876103003 ; 0.678753417035 ; 0.41680290783 ; 0.659996076118 ; -0.804703283828 ; -0.743217073268 ; 0.387640423781 ; NOCORR ; 0.344065256746 ; -0.616364420735 ; 0.435950441838 ; 0.401680953405 ;
before-Betweenness ; 0.568437779656 ; NOCORR ; 0.412751972407 ; 0.075188946181 ; 0.741917517722 ; -0.139860487238 ; 0.0908575089578 ; 0.165736971155 ; -0.206990744269 ; NOCORR ; 0.129486472499 ; 0.25640844034 ; 0.322982100198 ; -0.0715037675359 ; 0.170845248203 ; 0.39077479195 ; 0.353824946857 ; -0.221783790804 ; -0.14845966131 ; 0.317620516271 ; 0.393330151938 ; 0.130701679357 ; -0.140596730388 ; 0.330459991345 ; 0.317607399394 ; 0.703493374658 ; NOCORR ; NOCORR ; 0.0831264516795 ; 1.0 ; -0.144909485252 ; 0.0902754134928 ; 0.19841920076 ; -0.148971904873 ; 0.132693471764 ; 0.151129166037 ; 0.293181988028 ; 0.406158387358 ; NOCORR ; 0.216220066529 ; 0.503543207322 ; 0.353824946857 ; -0.144870076072 ; -0.14845966131 ; 0.519340239187 ; NOCORR ; 0.253488702538 ; -0.0983115363633 ; 0.443107964272 ; 0.408959909264 ; 0.278468557342 ; NOCORR ; NOCORR ; 0.092773128242 ; 0.17535353931 ; -0.141126522178 ; NOCORR ; 0.158681798908 ; -0.192362414042 ; NOCORR ; 0.1033958184 ; 0.217414566186 ; 0.240996909701 ; -0.0992419696825 ; 0.101508135106 ; 0.167894263979 ; 0.353824946857 ; -0.251773578268 ; -0.14845966131 ; NOCORR ; NOCORR ; -0.076842458078 ; -0.228918276218 ; NOCORR ; NOCORR ;
before-Pagerank_Centrality ; -0.616052775923 ; 0.612979914701 ; -0.424957068602 ; -0.827082987056 ; -0.22265726264 ; 0.99576771433 ; 0.184165508521 ; -0.876514920862 ; 0.902013440855 ; 0.411823048346 ; -0.912686083645 ; -0.85673897811 ; -0.792635090126 ; -0.251318802393 ; -0.856063656134 ; -0.476742294021 ; -0.653909490565 ; 0.811631463218 ; 0.994482175817 ; -0.563351187348 ; -0.440585212921 ; -0.896783248894 ; 0.367823971286 ; -0.772596962051 ; -0.798413459218 ; -0.558160337781 ; 0.615121474024 ; -0.190268637385 ; -0.772762512936 ; -0.144909485252 ; 1.0 ; 0.250217083892 ; -0.830157020465 ; 0.872108859689 ; 0.459966250593 ; -0.814124538478 ; -0.819979990113 ; -0.737107219722 ; -0.221334582485 ; -0.829288135131 ; -0.433821914197 ; -0.653909490565 ; 0.825219393614 ; 0.994482175817 ; -0.431979690789 ; -0.200705264128 ; -0.682217948278 ; 0.645424214003 ; -0.644642331617 ; -0.666940519948 ; -0.604368395619 ; 0.57481303397 ; -0.174268497926 ; -0.758926819919 ; -0.183376411368 ; 0.991678626929 ; 0.263498292848 ; -0.850463931506 ; 0.895936707032 ; 0.478744918033 ; -0.832876711903 ; -0.830974404839 ; -0.768697390585 ; -0.141530649277 ; -0.833376810651 ; -0.459553120002 ; -0.653909490565 ; 0.834050259385 ; 0.994482175817 ; -0.434963022159 ; -0.175375551916 ; -0.624115325047 ; 0.623606131187 ; -0.654357676788 ; -0.655013727802 ;
before-Hub ; NOCORR ; 0.488929985255 ; -0.1785519562 ; -0.352112160808 ; 0.0759963089659 ; 0.221340818757 ; 0.893910881447 ; -0.162087501667 ; 0.345749848012 ; 0.716818237823 ; -0.33837413397 ; -0.183448418697 ; -0.125372944995 ; -0.077535964314 ; -0.27761334899 ; -0.250144145202 ; -0.304254944568 ; 0.306505603574 ; 0.200666933608 ; -0.338625064563 ; -0.19379996358 ; -0.290186176741 ; 0.498463128643 ; -0.210479800131 ; -0.179219115439 ; 0.090239210222 ; 0.614534129738 ; -0.193524392725 ; -0.504584034694 ; 0.0902754134928 ; 0.250217083892 ; 1.0 ; -0.262609955364 ; 0.371684568493 ; 0.761055031531 ; -0.439836938905 ; -0.237329998745 ; NOCORR ; -0.271702711908 ; -0.379338483214 ; -0.255893900516 ; -0.304254944568 ; 0.196160724224 ; 0.200666933608 ; -0.305595810859 ; -0.211813915634 ; -0.446709197417 ; 0.467825419024 ; -0.246190432235 ; -0.22078351576 ; NOCORR ; 0.338384321317 ; NOCORR ; -0.268386985551 ; NOCORR ; 0.215459719589 ; 0.673907175736 ; -0.150818695901 ; 0.273179965035 ; 0.572385935924 ; -0.201434680805 ; -0.150178349321 ; -0.0598550245527 ; NOCORR ; -0.194180943227 ; -0.174483071426 ; -0.304254944568 ; 0.296531571971 ; 0.200666933608 ; -0.141007135213 ; NOCORR ; NOCORR ; 0.419915909533 ; NOCORR ; NOCORR ;
before-assortativity_degree ; 0.650472897507 ; -0.663598389818 ; 0.433993298811 ; 0.780705689274 ; 0.274164173567 ; -0.80983541537 ; -0.142780579567 ; 0.901106107176 ; -0.777544348889 ; -0.356442429315 ; 0.663074663355 ; 0.861180259334 ; 0.80074746941 ; -0.19463118114 ; 0.823518471646 ; 0.547129621235 ; 0.727931237705 ; -0.882320794006 ; -0.808463514076 ; 0.662682249082 ; 0.446869736659 ; 0.835646272131 ; -0.275534439384 ; 0.800623951019 ; 0.803006554071 ; 0.616469612572 ; -0.72032074382 ; -0.097809514353 ; 0.820231437349 ; 0.19841920076 ; -0.830157020465 ; -0.262609955364 ; 1.0 ; -0.777748678417 ; -0.417536524801 ; 0.67983513751 ; 0.880686492401 ; 0.775115336253 ; -0.119610318434 ; 0.898674617465 ; 0.539471238802 ; 0.727931237705 ; -0.808834627396 ; -0.808463514076 ; 0.560211674248 ; -0.108333554668 ; 0.719876779564 ; -0.513087924151 ; 0.738272289597 ; 0.738406372036 ; 0.586481601253 ; -0.614547774227 ; -0.109514165971 ; 0.687911232108 ; 0.182056052858 ; -0.804622550404 ; -0.230267345456 ; 0.850940573581 ; -0.79553657333 ; -0.435268024548 ; 0.600701055429 ; 0.815113306983 ; 0.743264815473 ; -0.282169332889 ; 0.745091648762 ; 0.469133627312 ; 0.727931237705 ; -0.912868884625 ; -0.808463514076 ; 0.412022204506 ; -0.111480601739 ; 0.372392526666 ; -0.596775742867 ; 0.560518763625 ; 0.529066420998 ;
before-average_authority_score ; -0.58408384688 ; 0.617371708586 ; -0.400996816476 ; -0.787122454958 ; -0.233659005998 ; 0.875116761298 ; 0.339523023125 ; -0.833641237898 ; 0.869946609139 ; 0.50092389765 ; -0.817351109646 ; -0.795277064837 ; -0.729461272971 ; -0.102735314407 ; -0.823147814478 ; -0.472248878491 ; -0.651889372157 ; 0.819000878312 ; 0.874571366195 ; -0.588895856231 ; -0.415595627784 ; -0.85558590835 ; 0.432578833572 ; -0.725017238095 ; -0.732812998262 ; -0.527693348749 ; 0.59235005117 ; -0.0754671568602 ; -0.810058902305 ; -0.148971904873 ; 0.872108859689 ; 0.371684568493 ; -0.777748678417 ; 1.0 ; 0.540097625519 ; -0.933539231744 ; -0.767854313217 ; -0.68771657494 ; -0.247680811264 ; -0.858473078361 ; -0.412942713971 ; -0.651889372157 ; 0.841461631149 ; 0.874571366195 ; -0.429015389256 ; -0.0822102139114 ; -0.719922109372 ; 0.87410564317 ; -0.579567032941 ; -0.5927732174 ; -0.557738963479 ; 0.59443169157 ; -0.122065411646 ; -0.713888121099 ; -0.187432244838 ; 0.877983252149 ; 0.389137864922 ; -0.820907154693 ; 0.816809558931 ; 0.544898384695 ; -0.698218829223 ; -0.778821476872 ; -0.701204123715 ; NOCORR ; -0.772239477385 ; -0.46780788692 ; -0.651889372157 ; 0.802088221067 ; 0.874571366195 ; -0.473991472363 ; -0.120280259344 ; -0.553399289312 ; 0.585885455785 ; -0.618360692417 ; -0.599399480983 ;
before-authority_score ; -0.106474684778 ; 0.535109250088 ; -0.166600547495 ; -0.510498416751 ; 0.0642587655235 ; 0.441792504131 ; 0.712048431663 ; -0.392898528968 ; 0.457207028898 ; 0.845651558157 ; -0.459392139224 ; -0.366255004767 ; -0.298518188233 ; -0.0638149451354 ; -0.444088983507 ; -0.235491149884 ; -0.3436714296 ; 0.448880409332 ; 0.423188861444 ; -0.340981244096 ; -0.167964857209 ; -0.465836178402 ; 0.365188053214 ; -0.332401480001 ; -0.322313967208 ; NOCORR ; 0.584134127114 ; -0.152485072971 ; -0.608982830756 ; 0.132693471764 ; 0.459966250593 ; 0.761055031531 ; -0.417536524801 ; 0.540097625519 ; 1.0 ; -0.540269058833 ; -0.364762437014 ; -0.2161346611 ; -0.201643354364 ; -0.482484892762 ; -0.176437132817 ; -0.3436714296 ; 0.412076868905 ; 0.423188861444 ; -0.196310940304 ; -0.159630346027 ; -0.442659263496 ; 0.520789142059 ; -0.248915203341 ; -0.249870761579 ; -0.149086037825 ; 0.458430615929 ; NOCORR ; -0.435977529126 ; NOCORR ; 0.4381417142 ; 0.615920090491 ; -0.377362577544 ; 0.415436864961 ; 0.654535431224 ; -0.356714342559 ; -0.350614484947 ; -0.256352615395 ; NOCORR ; -0.386267546366 ; -0.258803267431 ; -0.3436714296 ; 0.431167872279 ; 0.423188861444 ; -0.271550415653 ; NOCORR ; -0.244146051443 ; 0.386673692933 ; -0.266098362904 ; -0.23935880627 ;
before-average_path_length ; 0.493513617808 ; -0.508358201251 ; 0.345830690151 ; 0.70400270821 ; 0.202956332618 ; -0.811082077033 ; -0.382868319882 ; 0.687938628143 ; -0.774033865029 ; -0.499926068429 ; 0.800650720414 ; 0.672894854209 ; 0.623038703019 ; 0.26414992438 ; 0.722786213765 ; 0.407119739697 ; 0.552544164498 ; -0.670983134202 ; -0.809553348149 ; 0.499697718171 ; 0.356738274181 ; 0.758569249613 ; -0.418459074146 ; 0.61446686025 ; 0.628024571867 ; 0.475735098195 ; -0.532575009997 ; 0.196680222128 ; 0.804742383275 ; 0.151129166037 ; -0.814124538478 ; -0.439836938905 ; 0.67983513751 ; -0.933539231744 ; -0.540269058833 ; 1.0 ; 0.686057786198 ; 0.616304633214 ; 0.488586350248 ; 0.83945652441 ; 0.394088299218 ; 0.552544164498 ; -0.667771070105 ; -0.809553348149 ; 0.424096982873 ; 0.209004908845 ; 0.827578871966 ; -0.829226034773 ; 0.571242505277 ; 0.594732872381 ; 0.456677725896 ; -0.47060655152 ; 0.134027541161 ; 0.603846126282 ; 0.135011540871 ; -0.806360203905 ; -0.390731432661 ; 0.66148838266 ; -0.72018017383 ; -0.516295402208 ; 0.652563055414 ; 0.642314973197 ; 0.584114020397 ; 0.126416282987 ; 0.652369496036 ; 0.358151918416 ; 0.552544164498 ; -0.691641636714 ; -0.809553348149 ; 0.324739670548 ; 0.132102108197 ; 0.438310712374 ; -0.555310332506 ; 0.462200351058 ; 0.452968783734 ;
before-clique_number ; 0.796056374233 ; -0.604686885129 ; 0.644615803959 ; 0.692779757501 ; 0.37029270217 ; -0.802878114913 ; -0.139887457862 ; 0.860859890387 ; -0.776782675586 ; -0.353916568656 ; 0.651687671985 ; 0.949927846185 ; 0.925942313606 ; -0.136266791427 ; 0.767081000315 ; 0.745814974719 ; 0.853836739086 ; -0.844784117722 ; -0.802669400625 ; 0.752596270358 ; 0.661539016918 ; 0.766067555918 ; -0.281658921622 ; 0.939078831047 ; 0.940634699422 ; 0.760732011665 ; -0.643313070707 ; -0.0585899818072 ; 0.72265859851 ; 0.293181988028 ; -0.819979990113 ; -0.237329998745 ; 0.880686492401 ; -0.767854313217 ; -0.364762437014 ; 0.686057786198 ; 1.0 ; 0.91796187187 ; NOCORR ; 0.804040881749 ; 0.732903903939 ; 0.853836739086 ; -0.774518135642 ; -0.802669400625 ; 0.666544611535 ; -0.0664411245642 ; 0.679147159258 ; -0.5285195763 ; 0.883863368788 ; 0.891396680843 ; 0.693636535163 ; -0.586019901117 ; -0.0689325951887 ; 0.659822678416 ; 0.272312652546 ; -0.80012972853 ; -0.241322696606 ; 0.835601381776 ; -0.787264532987 ; -0.43215707851 ; 0.605115538171 ; 0.884944293966 ; 0.828432762667 ; -0.231328123916 ; 0.729049074855 ; 0.638652278114 ; 0.853836739086 ; -0.887354718577 ; -0.802669400625 ; 0.509929620209 ; -0.070009052677 ; 0.369712998936 ; -0.597621621746 ; 0.65977977941 ; 0.61761138079 ;
before-coreness ; 0.882036103122 ; -0.365082469946 ; 0.657301357634 ; 0.558592004993 ; 0.479488657595 ; -0.727734836953 ; NOCORR ; 0.778014012445 ; -0.693900225966 ; -0.230837660265 ; 0.57764537527 ; 0.885157711199 ; 0.924569968557 ; -0.0890426678861 ; 0.677498505844 ; 0.714711224951 ; 0.78202444318 ; -0.728978753895 ; -0.736578717765 ; 0.667900369628 ; 0.662840312802 ; 0.668534586146 ; -0.202291362013 ; 0.890014505526 ; 0.898861613772 ; 0.896529161843 ; -0.367604504243 ; NOCORR ; 0.563117372343 ; 0.406158387358 ; -0.737107219722 ; NOCORR ; 0.775115336253 ; -0.68771657494 ; -0.2161346611 ; 0.616304633214 ; 0.91796187187 ; 1.0 ; NOCORR ; 0.697805116599 ; 0.71084825044 ; 0.78202444318 ; -0.683851162462 ; -0.736578717765 ; 0.620591273619 ; NOCORR ; 0.59347291028 ; -0.45688251848 ; 0.845133240222 ; 0.854441122403 ; 0.728946834416 ; -0.43726526322 ; NOCORR ; 0.545028044014 ; 0.324494508921 ; -0.729539233342 ; -0.139522323661 ; 0.757221191074 ; -0.702366882412 ; -0.321354224916 ; 0.541738583156 ; 0.836787842471 ; 0.822983866304 ; -0.178373241032 ; 0.638354925646 ; 0.60708238773 ; 0.78202444318 ; -0.773640698292 ; -0.736578717765 ; 0.461404021347 ; NOCORR ; 0.350518800981 ; -0.496659116715 ; 0.647338505105 ; 0.617556146744 ;
before-density ; -0.0926464387844 ; 0.165651155698 ; NOCORR ; 0.0655892410905 ; -0.0660537814438 ; -0.211222438939 ; -0.301339839303 ; -0.157028160025 ; -0.210280277709 ; -0.185006201888 ; 0.42525336508 ; -0.0947199218499 ; -0.0842054989153 ; 0.856717198316 ; NOCORR ; -0.139924780687 ; -0.17011556057 ; 0.206698585408 ; -0.210280551738 ; -0.190319546431 ; NOCORR ; 0.0585569969 ; -0.363653592102 ; -0.116226779241 ; -0.0808054235291 ; NOCORR ; 0.141638248878 ; 0.633678360021 ; 0.119315696445 ; NOCORR ; -0.221334582485 ; -0.271702711908 ; -0.119610318434 ; -0.247680811264 ; -0.201643354364 ; 0.488586350248 ; NOCORR ; NOCORR ; 1.0 ; 0.114746647808 ; -0.0853161813395 ; -0.17011556057 ; 0.230335012927 ; -0.210280551738 ; -0.0825118962872 ; 0.674730324003 ; 0.40177202911 ; -0.292654879921 ; NOCORR ; 0.087170766243 ; -0.087072398501 ; 0.182227937863 ; 0.360662558692 ; NOCORR ; -0.0692164988923 ; -0.204832024119 ; -0.182233178122 ; -0.177601199543 ; -0.114662229251 ; -0.10694730407 ; 0.28210401855 ; -0.124861832489 ; -0.0879892414276 ; 0.720540560248 ; NOCORR ; -0.166015750332 ; -0.17011556057 ; 0.149382050665 ; -0.210280551738 ; -0.196826616612 ; 0.363991022124 ; 0.119488545432 ; -0.208299917916 ; -0.125696515974 ; -0.0832226987541 ;
before-diameter ; 0.591429256467 ; -0.64035653768 ; 0.418433828873 ; 0.808805052156 ; 0.273733183955 ; -0.815190595965 ; -0.271474075651 ; 0.832280730595 ; -0.800666087115 ; -0.435230997884 ; 0.745610581168 ; 0.79016036398 ; 0.729910518869 ; NOCORR ; 0.842975807136 ; 0.531068086732 ; 0.705153312448 ; -0.82732551896 ; -0.812657422909 ; 0.670149787223 ; 0.434118529165 ; 0.854327620421 ; -0.372216881343 ; 0.736478403159 ; 0.738810385772 ; 0.555799716752 ; -0.696594075103 ; NOCORR ; 0.917166741484 ; 0.216220066529 ; -0.829288135131 ; -0.379338483214 ; 0.898674617465 ; -0.858473078361 ; -0.482484892762 ; 0.83945652441 ; 0.804040881749 ; 0.697805116599 ; 0.114746647808 ; 1.0 ; 0.532151663246 ; 0.705153312448 ; -0.771963198761 ; -0.812657422909 ; 0.60005722865 ; NOCORR ; 0.836446038552 ; -0.667630743108 ; 0.690618092342 ; 0.690099360301 ; 0.526123054156 ; -0.585742863929 ; NOCORR ; 0.679833697927 ; 0.167033992456 ; -0.80943301143 ; -0.320846258114 ; 0.782826742151 ; -0.78465694604 ; -0.489605073287 ; 0.633117478378 ; 0.748136933974 ; 0.671693896684 ; -0.132161968489 ; 0.72628883276 ; 0.435447301141 ; 0.705153312448 ; -0.855328944645 ; -0.812657422909 ; 0.38883062938 ; NOCORR ; 0.381308037284 ; -0.621534506524 ; 0.494403202583 ; 0.466177482768 ;
before-edge_count ; 0.71842151143 ; -0.420507971675 ; 0.763606229231 ; 0.371642212269 ; 0.485932470338 ; -0.413818639238 ; -0.152934298216 ; 0.473854407445 ; -0.506791493845 ; -0.223615290229 ; 0.370380342009 ; 0.670760328981 ; 0.729634467292 ; -0.183342979172 ; 0.472626578967 ; 0.919800232418 ; 0.859928983495 ; -0.583519219975 ; -0.411752279279 ; 0.801830056812 ; 0.781841531299 ; 0.420046683176 ; -0.344800281272 ; 0.801604950124 ; 0.765434337162 ; 0.700829504615 ; -0.493264841806 ; -0.0619156449965 ; 0.466420285671 ; 0.503543207322 ; -0.433821914197 ; -0.255893900516 ; 0.539471238802 ; -0.412942713971 ; -0.176437132817 ; 0.394088299218 ; 0.732903903939 ; 0.71084825044 ; -0.0853161813395 ; 0.532151663246 ; 1.0 ; 0.859928983495 ; -0.4501565998 ; -0.411752279279 ; 0.927142252744 ; -0.0655041685292 ; 0.513057304949 ; -0.33163481556 ; 0.87694609699 ; 0.818631527704 ; 0.514056585365 ; -0.387698292289 ; -0.0614252234074 ; 0.366342333063 ; 0.275569283692 ; -0.412287960247 ; -0.193517458433 ; 0.459761954912 ; -0.493107518548 ; -0.251115456789 ; 0.325150221058 ; 0.606648859767 ; 0.562207257439 ; -0.231407203476 ; 0.386459533773 ; 0.634462974324 ; 0.859928983495 ; -0.619887110726 ; -0.411752279279 ; 0.375079422919 ; -0.0621722177819 ; NOCORR ; -0.529381463359 ; 0.360044966011 ; 0.288614991114 ;
before-vertex_count ; 0.781827464662 ; -0.639622174358 ; 0.783755336954 ; 0.634867871849 ; 0.452945757067 ; -0.640593044428 ; -0.222512287254 ; 0.726869880065 ; -0.72359052556 ; -0.38669821811 ; 0.582543705231 ; 0.858483077715 ; 0.869734823115 ; -0.240819673617 ; 0.732835442826 ; 0.94743100833 ; 1.0 ; -0.842261556349 ; -0.636787303086 ; 0.964449385412 ; 0.800896779765 ; 0.69976978138 ; -0.446182905982 ; 0.933897491503 ; 0.896413592893 ; 0.671999272277 ; -0.660343073528 ; -0.0994760193109 ; 0.659996076118 ; 0.353824946857 ; -0.653909490565 ; -0.304254944568 ; 0.727931237705 ; -0.651889372157 ; -0.3436714296 ; 0.552544164498 ; 0.853836739086 ; 0.78202444318 ; -0.17011556057 ; 0.705153312448 ; 0.859928983495 ; 1.0 ; -0.765577980692 ; -0.636787303086 ; 0.781592489966 ; -0.104149517668 ; 0.496429185298 ; -0.593661173993 ; 0.780517156059 ; 0.728534548305 ; 0.64636310393 ; -0.646265485306 ; NOCORR ; 0.647460205635 ; 0.350304868233 ; -0.645152201422 ; -0.334780441499 ; 0.729906578867 ; -0.706703349603 ; -0.434321138653 ; 0.535096484099 ; 0.833554425217 ; 0.751340996754 ; -0.269556209854 ; 0.67857322737 ; 0.851044856212 ; 1.0 ; -0.818782285066 ; -0.636787303086 ; 0.725698157246 ; NOCORR ; 0.330444902405 ; -0.629647626043 ; 0.66443906001 ; 0.578158928625 ;
before-average_eigenvector_centrality ; -0.644764854214 ; 0.704794058722 ; -0.472176314731 ; -0.790852223604 ; -0.272360727956 ; 0.840989277212 ; 0.152349048279 ; -0.917227669646 ; 0.804531606681 ; 0.40378430824 ; -0.700277705655 ; -0.861825173383 ; -0.79607152912 ; 0.202558055478 ; -0.861643153658 ; -0.574017025064 ; -0.765577980692 ; 0.928679034291 ; 0.840616688478 ; -0.713205547543 ; -0.485056478854 ; -0.868128813796 ; 0.283568321859 ; -0.805706154207 ; -0.798840655225 ; -0.515654182558 ; 0.655592025157 ; 0.150625082185 ; -0.730332694975 ; -0.144870076072 ; 0.825219393614 ; 0.196160724224 ; -0.808834627396 ; 0.841461631149 ; 0.412076868905 ; -0.667771070105 ; -0.774518135642 ; -0.683851162462 ; 0.230335012927 ; -0.771963198761 ; -0.4501565998 ; -0.765577980692 ; 1.0 ; 0.840616688478 ; -0.440231725976 ; 0.158401370731 ; -0.440847513256 ; 0.729669568992 ; -0.523047625031 ; -0.501652581495 ; -0.632046527529 ; 0.708341168407 ; NOCORR ; -0.780832752741 ; -0.250123510857 ; 0.847659706965 ; 0.292533664326 ; -0.926006026174 ; 0.809396893134 ; 0.497311331893 ; -0.666900800983 ; -0.878203033164 ; -0.783148207557 ; 0.223061656775 ; -0.844029703324 ; -0.614540674578 ; -0.765577980692 ; 0.871612283778 ; 0.840616688478 ; -0.648000852853 ; NOCORR ; -0.61283020486 ; 0.507719243431 ; -0.754505639154 ; -0.716570876274 ;
before-average_pagerank_centrality ; -0.623580787722 ; 0.578681555137 ; -0.414096957028 ; -0.812012318887 ; -0.228820396322 ; 0.998768172566 ; 0.148294055826 ; -0.877674347047 ; 0.890981070064 ; 0.384506030473 ; -0.907233104577 ; -0.851985831406 ; -0.79102587781 ; -0.2598981098 ; -0.851474260317 ; -0.460456739125 ; -0.636787303086 ; 0.798264484071 ; 1.0 ; -0.543400150549 ; -0.428986113484 ; -0.891631232417 ; 0.330310190949 ; -0.763308652708 ; -0.792685720563 ; -0.565367551512 ; 0.563065663353 ; -0.183636212337 ; -0.743217073268 ; -0.14845966131 ; 0.994482175817 ; 0.200666933608 ; -0.808463514076 ; 0.874571366195 ; 0.423188861444 ; -0.809553348149 ; -0.802669400625 ; -0.736578717765 ; -0.210280551738 ; -0.812657422909 ; -0.411752279279 ; -0.636787303086 ; 0.840616688478 ; 1.0 ; -0.405552648268 ; -0.193707719049 ; -0.647995642984 ; 0.654149865781 ; -0.616962313112 ; -0.640226051732 ; -0.615615868338 ; 0.555955315202 ; -0.186521085286 ; -0.752306805358 ; -0.188701245533 ; 0.996280055622 ; 0.240195143661 ; -0.855438813126 ; 0.886795693083 ; 0.463712816655 ; -0.834731728637 ; -0.832845286492 ; -0.77692719957 ; -0.156126570317 ; -0.837262637393 ; -0.454150401537 ; -0.636787303086 ; 0.815997358021 ; 1.0 ; -0.437125677319 ; -0.187414077931 ; -0.651920363873 ; 0.585716208494 ; -0.672008798171 ; -0.678087784231 ;
before-average_betweeness_centrality ; 0.62344513946 ; -0.458870664627 ; 0.645545757693 ; 0.42300216017 ; 0.450410996106 ; -0.409267309455 ; -0.18415350452 ; 0.476133133738 ; -0.510279075315 ; -0.211127133248 ; 0.386463806669 ; 0.601203543737 ; 0.630708154071 ; -0.197232609281 ; 0.502959030017 ; 0.783159080138 ; 0.781592489966 ; -0.598887905122 ; -0.405552648268 ; 0.754470180111 ; 0.667278038775 ; 0.45879283415 ; -0.368471620736 ; 0.702142933372 ; 0.667256511206 ; 0.637492808795 ; -0.550348534019 ; -0.0648869842002 ; 0.541223931139 ; 0.519340239187 ; -0.431979690789 ; -0.305595810859 ; 0.560211674248 ; -0.429015389256 ; -0.196310940304 ; 0.424096982873 ; 0.666544611535 ; 0.620591273619 ; -0.0825118962872 ; 0.60005722865 ; 0.927142252744 ; 0.781592489966 ; -0.440231725976 ; -0.405552648268 ; 1.0 ; -0.0681951708904 ; 0.634809073378 ; -0.320870781201 ; 0.852823053638 ; 0.790438090531 ; 0.413110970155 ; -0.372209063865 ; -0.0650655616009 ; 0.352424971234 ; 0.199552574064 ; -0.402000577522 ; -0.181270863131 ; 0.440407886134 ; -0.498586377688 ; -0.236401127515 ; 0.309195647269 ; 0.52351781922 ; 0.466551302561 ; -0.254612507696 ; 0.359536519744 ; 0.445440403377 ; 0.781592489966 ; -0.648713300623 ; -0.405552648268 ; 0.23203536827 ; -0.0660395460512 ; -0.071500038104 ; -0.56985064885 ; 0.198560613718 ; 0.136898984516 ;
before-average_closeness ; -0.0732110600171 ; 0.104828403413 ; NOCORR ; 0.094410859392 ; NOCORR ; -0.195790818202 ; -0.244022818082 ; -0.12289777958 ; -0.235496816488 ; -0.154326949483 ; 0.41135251959 ; -0.0687567461764 ; -0.0605557629009 ; 0.754247418024 ; NOCORR ; -0.0838523579269 ; -0.104149517668 ; 0.145408022695 ; -0.193707719049 ; -0.1087513905 ; NOCORR ; 0.0894171878358 ; -0.399896310464 ; -0.0809952376853 ; NOCORR ; NOCORR ; 0.102157874556 ; 0.991387590384 ; NOCORR ; NOCORR ; -0.200705264128 ; -0.211813915634 ; -0.108333554668 ; -0.0822102139114 ; -0.159630346027 ; 0.209004908845 ; -0.0664411245642 ; NOCORR ; 0.674730324003 ; NOCORR ; -0.0655041685292 ; -0.104149517668 ; 0.158401370731 ; -0.193707719049 ; -0.0681951708904 ; 1.0 ; 0.166749706969 ; -0.131400299053 ; NOCORR ; NOCORR ; -0.0752670584378 ; 0.108998569509 ; 0.3920049874 ; NOCORR ; NOCORR ; -0.192982973197 ; -0.123229425313 ; -0.156373266915 ; -0.132517108236 ; -0.0604182602033 ; 0.273338328611 ; -0.0900498061188 ; -0.0717021779098 ; 0.639713884774 ; NOCORR ; -0.0882759101238 ; -0.104149517668 ; 0.110143943572 ; -0.193707719049 ; -0.0933385905433 ; 0.395535171575 ; 0.134545980347 ; -0.229997205139 ; -0.0780967400529 ; NOCORR ;
before-average_eccentricity ; 0.44969030055 ; -0.4540476316 ; 0.314662279338 ; 0.60898362754 ; 0.21100977842 ; -0.651679515302 ; -0.309245479013 ; 0.585623402042 ; -0.635090999475 ; -0.362131457012 ; 0.629085549138 ; 0.586049501705 ; 0.547705067104 ; 0.146498712461 ; 0.600785692144 ; 0.383861645908 ; 0.496429185298 ; -0.576837321699 ; -0.647995642984 ; 0.444150085791 ; 0.329548076817 ; 0.627152767991 ; -0.352636151527 ; 0.552482372705 ; 0.560440826057 ; 0.516129684553 ; -0.580449081974 ; 0.162535924546 ; 0.789654683629 ; 0.253488702538 ; -0.682217948278 ; -0.446709197417 ; 0.719876779564 ; -0.719922109372 ; -0.442659263496 ; 0.827578871966 ; 0.679147159258 ; 0.59347291028 ; 0.40177202911 ; 0.836446038552 ; 0.513057304949 ; 0.496429185298 ; -0.440847513256 ; -0.647995642984 ; 0.634809073378 ; 0.166749706969 ; 1.0 ; -0.495991507377 ; 0.748399276962 ; 0.762481001913 ; 0.345668671061 ; -0.329674307357 ; NOCORR ; 0.425326270159 ; NOCORR ; -0.633373819183 ; -0.246071748686 ; 0.503520294275 ; -0.61348591178 ; -0.37057721417 ; 0.474675253576 ; 0.492845071312 ; 0.455295091138 ; NOCORR ; 0.455077443149 ; 0.175651704694 ; 0.496429185298 ; -0.682171205959 ; -0.647995642984 ; NOCORR ; NOCORR ; 0.0724433935255 ; -0.593140468426 ; 0.167162438445 ; 0.156383485897 ;
before-average_hub ; -0.443036526251 ; 0.537992619513 ; -0.399619430921 ; -0.658783709055 ; -0.21144452256 ; 0.657280273405 ; 0.470934322651 ; -0.597237934587 ; 0.76442400339 ; 0.545714842226 ; -0.728309011304 ; -0.584531172466 ; -0.540027037043 ; -0.142102336279 ; -0.684581865453 ; -0.45935098254 ; -0.593661173993 ; 0.680749735854 ; 0.654149865781 ; -0.584914768295 ; -0.407884148355 ; -0.709334989115 ; 0.612533908015 ; -0.566768881145 ; -0.546763978915 ; -0.331231917763 ; 0.487077527248 ; -0.115289601773 ; -0.674245603963 ; -0.0983115363633 ; 0.645424214003 ; 0.467825419024 ; -0.513087924151 ; 0.87410564317 ; 0.520789142059 ; -0.829226034773 ; -0.5285195763 ; -0.45688251848 ; -0.292654879921 ; -0.667630743108 ; -0.33163481556 ; -0.593661173993 ; 0.729669568992 ; 0.654149865781 ; -0.320870781201 ; -0.131400299053 ; -0.495991507377 ; 1.0 ; -0.328385770892 ; -0.30860918843 ; -0.426652426469 ; 0.557689746938 ; -0.20002532206 ; -0.629553874617 ; -0.2053163513 ; 0.672502330176 ; 0.501934622646 ; -0.624916779822 ; 0.663249952917 ; 0.553184613707 ; -0.591642681877 ; -0.611000213277 ; -0.524787096817 ; -0.0984758355126 ; -0.642199031224 ; -0.511175154015 ; -0.593661173993 ; 0.588015843385 ; 0.654149865781 ; -0.562018135039 ; -0.198062345412 ; -0.542436630749 ; 0.544063085185 ; -0.555479108938 ; -0.510465849038 ;
before-average_degree ; 0.747788653732 ; -0.469541786391 ; 0.660658964461 ; 0.502825319089 ; 0.416623176077 ; -0.617673809351 ; -0.121981802706 ; 0.657050575274 ; -0.62108642553 ; -0.238385721911 ; 0.496021409798 ; 0.798457597882 ; 0.815641469404 ; -0.10806653963 ; 0.580063134758 ; 0.754063728271 ; 0.780517156059 ; -0.664168706712 ; -0.616962313112 ; 0.674788688719 ; 0.682847499976 ; 0.559764678383 ; -0.252480667182 ; 0.845676568262 ; 0.841071038975 ; 0.785770722964 ; -0.559512105403 ; NOCORR ; 0.597956909087 ; 0.443107964272 ; -0.644642331617 ; -0.246190432235 ; 0.738272289597 ; -0.579567032941 ; -0.248915203341 ; 0.571242505277 ; 0.883863368788 ; 0.845133240222 ; NOCORR ; 0.690618092342 ; 0.87694609699 ; 0.780517156059 ; -0.523047625031 ; -0.616962313112 ; 0.852823053638 ; NOCORR ; 0.748399276962 ; -0.328385770892 ; 1.0 ; 0.982907704681 ; 0.574513211903 ; -0.394568200074 ; -0.0693639265014 ; 0.441722413613 ; 0.218611157247 ; -0.607111071841 ; -0.146578318648 ; 0.608257065244 ; -0.632703325794 ; -0.291356357827 ; 0.435323279574 ; 0.700857611168 ; 0.668116190734 ; -0.224982248855 ; 0.49159896377 ; 0.481945431083 ; 0.780517156059 ; -0.76231559957 ; -0.616962313112 ; 0.249152237407 ; -0.0703631801606 ; 0.0672946974858 ; -0.575079553713 ; 0.384032865769 ; 0.345405588609 ;
before-average_coreness ; 0.72828661489 ; -0.437548548151 ; 0.614440604285 ; 0.49827122937 ; 0.380534547623 ; -0.640061224097 ; -0.10279659674 ; 0.66435709551 ; -0.612572437642 ; -0.230636727814 ; 0.503102313808 ; 0.796672659467 ; 0.807320320932 ; -0.0588640145962 ; 0.570903238589 ; 0.695235254596 ; 0.728534548305 ; -0.634114376852 ; -0.640226051732 ; 0.612536586521 ; 0.635473161967 ; 0.556537414267 ; -0.204970295655 ; 0.823119514733 ; 0.830262158651 ; 0.778557257086 ; -0.524244165743 ; NOCORR ; 0.590319279567 ; 0.408959909264 ; -0.666940519948 ; -0.22078351576 ; 0.738406372036 ; -0.5927732174 ; -0.249870761579 ; 0.594732872381 ; 0.891396680843 ; 0.854441122403 ; 0.087170766243 ; 0.690099360301 ; 0.818631527704 ; 0.728534548305 ; -0.501652581495 ; -0.640226051732 ; 0.790438090531 ; NOCORR ; 0.762481001913 ; -0.30860918843 ; 0.982907704681 ; 1.0 ; 0.571637179532 ; -0.365055543895 ; -0.0594695131724 ; 0.43401382985 ; 0.200176606756 ; -0.628131853687 ; -0.126781379453 ; 0.611399713339 ; -0.628649953207 ; -0.288009264556 ; 0.445568888235 ; 0.691885919149 ; 0.67019083995 ; -0.189944432264 ; 0.494013222007 ; 0.441424098703 ; 0.728534548305 ; -0.74456164492 ; -0.640226051732 ; 0.218913625497 ; -0.0603520035843 ; 0.0912322036223 ; -0.543550850913 ; 0.387608065679 ; 0.360535623554 ;
after-Degree_Centrality ; 0.883293922104 ; -0.144275458711 ; 0.571823292226 ; 0.413588303435 ; 0.559569403993 ; -0.598344322799 ; 0.16315301079 ; 0.645393122595 ; -0.569737241365 ; -0.0988710690009 ; 0.468861196253 ; 0.749537050101 ; 0.799045146828 ; -0.0691545765092 ; 0.550290143837 ; 0.599556616254 ; 0.64636310393 ; -0.587616675072 ; -0.615615868338 ; 0.539644693003 ; 0.577630608262 ; 0.544544041634 ; -0.131738096051 ; 0.751895326464 ; 0.757310061337 ; 0.645859565085 ; -0.292304097481 ; -0.0700591631693 ; 0.43238762786 ; 0.278468557342 ; -0.604368395619 ; NOCORR ; 0.586481601253 ; -0.557738963479 ; -0.149086037825 ; 0.456677725896 ; 0.693636535163 ; 0.728946834416 ; -0.087072398501 ; 0.526123054156 ; 0.514056585365 ; 0.64636310393 ; -0.632046527529 ; -0.615615868338 ; 0.413110970155 ; -0.0752670584378 ; 0.345668671061 ; -0.426652426469 ; 0.574513211903 ; 0.571637179532 ; 1.0 ; -0.0943922523646 ; NOCORR ; 0.360951084909 ; 0.716342006222 ; -0.596596857414 ; 0.127476278063 ; 0.650016881998 ; -0.578866371892 ; -0.136975581854 ; 0.475596247133 ; 0.761655181765 ; 0.894436707067 ; -0.0878551585396 ; 0.549663351503 ; 0.608468037862 ; 0.64636310393 ; -0.576071018487 ; -0.615615868338 ; 0.498276246082 ; NOCORR ; 0.422014023566 ; -0.330960877395 ; 0.70589623448 ; 0.689421774196 ;
after-Eigenvector_Centrality ; -0.244858132449 ; 0.875292404674 ; -0.37366683884 ; -0.684436332962 ; NOCORR ; 0.580125081874 ; 0.43307462407 ; -0.635615617358 ; 0.604605491024 ; 0.533820631286 ; -0.517780504367 ; -0.617579256131 ; -0.510966987862 ; 0.214856229938 ; -0.648581327764 ; -0.500503238566 ; -0.646265485306 ; 0.735227920649 ; 0.555955315202 ; -0.6461205439 ; -0.390999958889 ; -0.646871054374 ; 0.371312318892 ; -0.603990723866 ; -0.578801313688 ; -0.269566023126 ; 0.67187860629 ; 0.105487117774 ; -0.60672458507 ; NOCORR ; 0.57481303397 ; 0.338384321317 ; -0.614547774227 ; 0.59443169157 ; 0.458430615929 ; -0.47060655152 ; -0.586019901117 ; -0.43726526322 ; 0.182227937863 ; -0.585742863929 ; -0.387698292289 ; -0.646265485306 ; 0.708341168407 ; 0.555955315202 ; -0.372209063865 ; 0.108998569509 ; -0.329674307357 ; 0.557689746938 ; -0.394568200074 ; -0.365055543895 ; -0.0943922523646 ; 1.0 ; NOCORR ; -0.776476693012 ; 0.104860327391 ; 0.599617364213 ; 0.65707647907 ; -0.667961852073 ; 0.595923128801 ; 0.617175407145 ; -0.493330663662 ; -0.616915463291 ; -0.341685741397 ; 0.220270787207 ; -0.64929449082 ; -0.531679549066 ; -0.646265485306 ; 0.675899692858 ; 0.555955315202 ; -0.588168429637 ; NOCORR ; -0.452059479681 ; 0.486327028134 ; -0.528595083192 ; -0.460953760151 ;
after-Closeness ; NOCORR ; NOCORR ; 0.117245688928 ; 0.111922379913 ; NOCORR ; -0.188288182723 ; -0.109507615241 ; NOCORR ; -0.202636414794 ; -0.101427742676 ; 0.308855220191 ; NOCORR ; NOCORR ; 0.475372728792 ; 0.0849323621442 ; NOCORR ; NOCORR ; NOCORR ; -0.186521085286 ; NOCORR ; 0.113349301733 ; 0.111715253665 ; -0.25465893006 ; NOCORR ; NOCORR ; NOCORR ; 0.0893907021672 ; 0.36469607011 ; NOCORR ; NOCORR ; -0.174268497926 ; NOCORR ; -0.109514165971 ; -0.122065411646 ; NOCORR ; 0.134027541161 ; -0.0689325951887 ; NOCORR ; 0.360662558692 ; NOCORR ; -0.0614252234074 ; NOCORR ; NOCORR ; -0.186521085286 ; -0.0650655616009 ; 0.3920049874 ; NOCORR ; -0.20002532206 ; -0.0693639265014 ; -0.0594695131724 ; NOCORR ; NOCORR ; 1.0 ; 0.0984854411652 ; 0.0651405439457 ; -0.192909598474 ; -0.0678357745839 ; NOCORR ; -0.132274975663 ; -0.063041366677 ; 0.242010953156 ; NOCORR ; 0.0614715348127 ; 0.442941776578 ; 0.0985880913018 ; 0.111812297382 ; NOCORR ; 0.0602697697147 ; -0.186521085286 ; 0.164468790199 ; 0.993583256656 ; 0.252147360462 ; -0.116558243708 ; 0.150836575743 ; 0.16595223174 ;
after-Eccentricity ; 0.426690228667 ; -0.707544548847 ; 0.379364911353 ; 0.831945291691 ; 0.135377937991 ; -0.764494330427 ; -0.280576742738 ; 0.753807401562 ; -0.758731295107 ; -0.475382212783 ; 0.732256876792 ; 0.705173132699 ; 0.628190969916 ; NOCORR ; 0.79209769887 ; 0.471728435624 ; 0.647460205635 ; -0.769765009286 ; -0.752306805358 ; 0.638154154283 ; 0.392149707721 ; 0.816086188546 ; -0.413298182411 ; 0.651107368109 ; 0.649434399681 ; 0.388125548542 ; -0.611829771072 ; NOCORR ; 0.658936918858 ; 0.092773128242 ; -0.758926819919 ; -0.268386985551 ; 0.687911232108 ; -0.713888121099 ; -0.435977529126 ; 0.603846126282 ; 0.659822678416 ; 0.545028044014 ; NOCORR ; 0.679833697927 ; 0.366342333063 ; 0.647460205635 ; -0.780832752741 ; -0.752306805358 ; 0.352424971234 ; NOCORR ; 0.425326270159 ; -0.629553874617 ; 0.441722413613 ; 0.43401382985 ; 0.360951084909 ; -0.776476693012 ; 0.0984854411652 ; 1.0 ; NOCORR ; -0.776678164862 ; -0.501096974293 ; 0.796283775988 ; -0.802121110316 ; -0.617362753957 ; 0.778385850111 ; 0.702931080073 ; 0.564793685651 ; NOCORR ; 0.900564707629 ; 0.506858104642 ; 0.647460205635 ; -0.729065083945 ; -0.752306805358 ; 0.608526535631 ; 0.0982918923494 ; 0.723223800563 ; -0.624665633264 ; 0.600735185026 ; 0.565933328326 ;
after-Betweenness ; 0.579033871154 ; 0.0703380960071 ; 0.382772118571 ; 0.0946540315188 ; 0.595182280916 ; -0.175652632286 ; 0.136732880125 ; 0.213429731881 ; -0.223597093194 ; NOCORR ; 0.160048335378 ; 0.305337339433 ; 0.356380685166 ; -0.0717744352958 ; 0.198992516743 ; 0.373046879533 ; 0.350304868233 ; -0.235696124707 ; -0.188701245533 ; 0.313780331233 ; 0.373266763847 ; 0.183990673522 ; -0.11413863938 ; 0.350530776202 ; 0.335655542747 ; 0.308255155283 ; -0.062785447988 ; NOCORR ; 0.145886768289 ; 0.17535353931 ; -0.183376411368 ; NOCORR ; 0.182056052858 ; -0.187432244838 ; NOCORR ; 0.135011540871 ; 0.272312652546 ; 0.324494508921 ; -0.0692164988923 ; 0.167033992456 ; 0.275569283692 ; 0.350304868233 ; -0.250123510857 ; -0.188701245533 ; 0.199552574064 ; NOCORR ; NOCORR ; -0.2053163513 ; 0.218611157247 ; 0.200176606756 ; 0.716342006222 ; 0.104860327391 ; 0.0651405439457 ; NOCORR ; 1.0 ; -0.172677691686 ; 0.153620709004 ; 0.228717142424 ; -0.211326849271 ; NOCORR ; 0.16713042935 ; 0.308458870508 ; 0.4206580922 ; -0.0645626461344 ; 0.20748795669 ; 0.410221732065 ; 0.350304868233 ; -0.21752287751 ; -0.188701245533 ; 0.376815456063 ; NOCORR ; 0.176174851297 ; -0.1535776267 ; 0.349160217588 ; 0.311905476038 ;
after-Pagerank_Centrality ; -0.60921798388 ; 0.605908073045 ; -0.420617044075 ; -0.822542631177 ; -0.214448188622 ; 0.997406790092 ; 0.176636480092 ; -0.877011174823 ; 0.897587241936 ; 0.414909890027 ; -0.909910241228 ; -0.854246063117 ; -0.789611024867 ; -0.259034224971 ; -0.85417072405 ; -0.468774109104 ; -0.645152201422 ; 0.802024874602 ; 0.996280055622 ; -0.553675605119 ; -0.435744560626 ; -0.893607481835 ; 0.351115664303 ; -0.767597907694 ; -0.795786740331 ; -0.554181557543 ; 0.573501622183 ; -0.182336250367 ; -0.744962104617 ; -0.141126522178 ; 0.991678626929 ; 0.215459719589 ; -0.804622550404 ; 0.877983252149 ; 0.4381417142 ; -0.806360203905 ; -0.80012972853 ; -0.729539233342 ; -0.204832024119 ; -0.80943301143 ; -0.412287960247 ; -0.645152201422 ; 0.847659706965 ; 0.996280055622 ; -0.402000577522 ; -0.192982973197 ; -0.633373819183 ; 0.672502330176 ; -0.607111071841 ; -0.628131853687 ; -0.596596857414 ; 0.599617364213 ; -0.192909598474 ; -0.776678164862 ; -0.172677691686 ; 1.0 ; 0.280118137534 ; -0.862565253017 ; 0.886332987845 ; 0.496327858801 ; -0.838597006705 ; -0.841104944342 ; -0.769633149248 ; -0.166105568506 ; -0.84510531577 ; -0.47003399512 ; -0.645152201422 ; 0.805932609996 ; 0.996280055622 ; -0.457318161204 ; -0.193980754755 ; -0.673832328067 ; 0.58233138661 ; -0.691070423603 ; -0.696026395072 ;
after-Hub ; NOCORR ; 0.542104845661 ; -0.199224319135 ; -0.38608518659 ; 0.0736107402363 ; 0.26233109901 ; 0.817732110898 ; -0.2173050485 ; 0.361816417348 ; 0.69782377972 ; -0.349550966875 ; -0.236022453943 ; -0.167384317293 ; NOCORR ; -0.318787439581 ; -0.272614954537 ; -0.334780441499 ; 0.341841878275 ; 0.240195143661 ; -0.36749748104 ; -0.209229596029 ; -0.326794662809 ; 0.449094938872 ; -0.254650975259 ; -0.227114443879 ; NOCORR ; 0.375437234682 ; -0.110823272494 ; -0.372714889661 ; NOCORR ; 0.263498292848 ; 0.673907175736 ; -0.230267345456 ; 0.389137864922 ; 0.615920090491 ; -0.390731432661 ; -0.241322696606 ; -0.139522323661 ; -0.182233178122 ; -0.320846258114 ; -0.193517458433 ; -0.334780441499 ; 0.292533664326 ; 0.240195143661 ; -0.181270863131 ; -0.123229425313 ; -0.246071748686 ; 0.501934622646 ; -0.146578318648 ; -0.126781379453 ; 0.127476278063 ; 0.65707647907 ; -0.0678357745839 ; -0.501096974293 ; 0.153620709004 ; 0.280118137534 ; 1.0 ; -0.254325295621 ; 0.373677298794 ; 0.754510276921 ; -0.388603839909 ; -0.248531220223 ; NOCORR ; -0.105843501329 ; -0.351779699213 ; -0.299586828708 ; -0.334780441499 ; 0.286358622598 ; 0.240195143661 ; -0.352104066859 ; -0.0703895250985 ; -0.323520419136 ; 0.458515462806 ; -0.229947245026 ; -0.178908914317 ;
after-assortativity_degree ; 0.665888913177 ; -0.650974614013 ; 0.449099716592 ; 0.782370770593 ; 0.272937657373 ; -0.854823603092 ; -0.105580253954 ; 0.949419766581 ; -0.798984661113 ; -0.366309526273 ; 0.68333089259 ; 0.891601911339 ; 0.827977779095 ; -0.173022241439 ; 0.851949535679 ; 0.541872943946 ; 0.729906578867 ; -0.884185493442 ; -0.855438813126 ; 0.65935585665 ; 0.463755328299 ; 0.862340803022 ; -0.216335419653 ; 0.819065524103 ; 0.828974774862 ; 0.584069464351 ; -0.615374406111 ; -0.148532703943 ; 0.70987362016 ; 0.158681798908 ; -0.850463931506 ; -0.150818695901 ; 0.850940573581 ; -0.820907154693 ; -0.377362577544 ; 0.66148838266 ; 0.835601381776 ; 0.757221191074 ; -0.177601199543 ; 0.782826742151 ; 0.459761954912 ; 0.729906578867 ; -0.926006026174 ; -0.855438813126 ; 0.440407886134 ; -0.156373266915 ; 0.503520294275 ; -0.624916779822 ; 0.608257065244 ; 0.611399713339 ; 0.650016881998 ; -0.667961852073 ; NOCORR ; 0.796283775988 ; 0.228717142424 ; -0.862565253017 ; -0.254325295621 ; 1.0 ; -0.81428163057 ; -0.476167943498 ; 0.664879779154 ; 0.88975838024 ; 0.808895907453 ; -0.211685112096 ; 0.887066229302 ; 0.555341067437 ; 0.729906578867 ; -0.855907305023 ; -0.855438813126 ; 0.578862496849 ; NOCORR ; 0.637623400777 ; -0.479694797965 ; 0.74728378806 ; 0.726358843662 ;
after-average_authority_score ; -0.624442676376 ; 0.626644989871 ; -0.476360557499 ; -0.800450134972 ; -0.284432013966 ; 0.887568590085 ; 0.212820873002 ; -0.8318896012 ; 0.921750341895 ; 0.399688368403 ; -0.861456748807 ; -0.812813337375 ; -0.757613509711 ; -0.139904254453 ; -0.845483865157 ; -0.537448943707 ; -0.706703349603 ; 0.835706340414 ; 0.886795693083 ; -0.64762242202 ; -0.490461371637 ; -0.875372114092 ; 0.517335448802 ; -0.761109112097 ; -0.763473192636 ; -0.55624827412 ; 0.624656159339 ; -0.124557942676 ; -0.731389245542 ; -0.192362414042 ; 0.895936707032 ; 0.273179965035 ; -0.79553657333 ; 0.816809558931 ; 0.415436864961 ; -0.72018017383 ; -0.787264532987 ; -0.702366882412 ; -0.114662229251 ; -0.78465694604 ; -0.493107518548 ; -0.706703349603 ; 0.809396893134 ; 0.886795693083 ; -0.498586377688 ; -0.132517108236 ; -0.61348591178 ; 0.663249952917 ; -0.632703325794 ; -0.628649953207 ; -0.578866371892 ; 0.595923128801 ; -0.132274975663 ; -0.802121110316 ; -0.211326849271 ; 0.886332987845 ; 0.373677298794 ; -0.81428163057 ; 1.0 ; 0.541475246983 ; -0.908220714917 ; -0.795414071744 ; -0.724739196698 ; -0.148699649379 ; -0.855969113212 ; -0.493024485929 ; -0.706703349603 ; 0.84179295622 ; 0.886795693083 ; -0.484797569388 ; -0.131569157868 ; -0.644205746592 ; 0.829869678561 ; -0.600431813056 ; -0.578492391071 ;
after-authority_score ; -0.206533766625 ; 0.551311390389 ; -0.26505897696 ; -0.532823880212 ; NOCORR ; 0.481691490131 ; 0.607523991074 ; -0.458040258841 ; 0.506008130457 ; 0.848736863238 ; -0.469914942806 ; -0.443254858503 ; -0.387516115502 ; NOCORR ; -0.489956044408 ; -0.329272389025 ; -0.434321138653 ; 0.501787038975 ; 0.463712816655 ; -0.420114876771 ; -0.260328909791 ; -0.499192308212 ; 0.345094765539 ; -0.423463170627 ; -0.414396114618 ; -0.194730502705 ; 0.485816950312 ; NOCORR ; -0.519116769552 ; NOCORR ; 0.478744918033 ; 0.572385935924 ; -0.435268024548 ; 0.544898384695 ; 0.654535431224 ; -0.516295402208 ; -0.43215707851 ; -0.321354224916 ; -0.10694730407 ; -0.489605073287 ; -0.251115456789 ; -0.434321138653 ; 0.497311331893 ; 0.463712816655 ; -0.236401127515 ; -0.0604182602033 ; -0.37057721417 ; 0.553184613707 ; -0.291356357827 ; -0.288009264556 ; -0.136975581854 ; 0.617175407145 ; -0.063041366677 ; -0.617362753957 ; NOCORR ; 0.496327858801 ; 0.754510276921 ; -0.476167943498 ; 0.541475246983 ; 1.0 ; -0.499905814183 ; -0.440311195571 ; -0.319192361279 ; NOCORR ; -0.509177378985 ; -0.351396047814 ; -0.434321138653 ; 0.468737981792 ; 0.463712816655 ; -0.379585533438 ; -0.0590491143195 ; -0.408120517592 ; 0.457794308373 ; -0.379406612289 ; -0.34331131322 ;
after-average_path_length ; 0.471071942644 ; -0.483977731555 ; 0.351485914819 ; 0.712418242941 ; 0.186403229499 ; -0.836003792295 ; -0.173659087977 ; 0.658549837139 ; -0.800222870479 ; -0.343334587815 ; 0.865850596485 ; 0.650821512498 ; 0.602437476651 ; 0.385491318231 ; 0.726695089517 ; 0.391998750931 ; 0.535096484099 ; -0.641171937931 ; -0.834731728637 ; 0.489273506981 ; 0.362734083589 ; 0.771259200522 ; -0.471486053573 ; 0.591912856764 ; 0.60757290836 ; 0.405367304399 ; -0.456432702799 ; 0.254424846715 ; 0.595484743641 ; 0.1033958184 ; -0.832876711903 ; -0.201434680805 ; 0.600701055429 ; -0.698218829223 ; -0.356714342559 ; 0.652563055414 ; 0.605115538171 ; 0.541738583156 ; 0.28210401855 ; 0.633117478378 ; 0.325150221058 ; 0.535096484099 ; -0.666900800983 ; -0.834731728637 ; 0.309195647269 ; 0.273338328611 ; 0.474675253576 ; -0.591642681877 ; 0.435323279574 ; 0.445568888235 ; 0.475596247133 ; -0.493330663662 ; 0.242010953156 ; 0.778385850111 ; 0.16713042935 ; -0.838597006705 ; -0.388603839909 ; 0.664879779154 ; -0.908220714917 ; -0.499905814183 ; 1.0 ; 0.661055331759 ; 0.606149391944 ; 0.459909087538 ; 0.820566225971 ; 0.406639586799 ; 0.535096484099 ; -0.631162075051 ; -0.834731728637 ; 0.443922361022 ; 0.243533090378 ; 0.790536010994 ; -0.756057136369 ; 0.564771284765 ; 0.568514842067 ;
after-clique_number ; 0.780566391739 ; -0.594900523515 ; 0.622812694742 ; 0.699793447263 ; 0.339736242632 ; -0.832149564398 ; -0.0937798317494 ; 0.881489173748 ; -0.781699939369 ; -0.350417927326 ; 0.667806173344 ; 0.966322939472 ; 0.935053887122 ; -0.110864781563 ; 0.787184013579 ; 0.716872029712 ; 0.833554425217 ; -0.838212655462 ; -0.832845286492 ; 0.731032396513 ; 0.644242074481 ; 0.78529946983 ; -0.241490833173 ; 0.935358131648 ; 0.944151239398 ; 0.672943160913 ; -0.579148989784 ; -0.0826637374806 ; 0.668778533985 ; 0.217414566186 ; -0.830974404839 ; -0.150178349321 ; 0.815113306983 ; -0.778821476872 ; -0.350614484947 ; 0.642314973197 ; 0.884944293966 ; 0.836787842471 ; -0.124861832489 ; 0.748136933974 ; 0.606648859767 ; 0.833554425217 ; -0.878203033164 ; -0.832845286492 ; 0.52351781922 ; -0.0900498061188 ; 0.492845071312 ; -0.611000213277 ; 0.700857611168 ; 0.691885919149 ; 0.761655181765 ; -0.616915463291 ; NOCORR ; 0.702931080073 ; 0.308458870508 ; -0.841104944342 ; -0.248531220223 ; 0.88975838024 ; -0.795414071744 ; -0.440311195571 ; 0.661055331759 ; 1.0 ; 0.917237194796 ; -0.133262803195 ; 0.786191252086 ; 0.736837704126 ; 0.833554425217 ; -0.805467479822 ; -0.832845286492 ; 0.640098171403 ; NOCORR ; 0.577467571408 ; -0.489868224484 ; 0.870809316394 ; 0.854019571232 ;
after-coreness ; 0.847436562061 ; -0.35953456405 ; 0.606157560887 ; 0.58914781074 ; 0.394590202517 ; -0.766964625767 ; 0.0647755650679 ; 0.81145468525 ; -0.705637703924 ; -0.241033431325 ; 0.60323980787 ; 0.897930412222 ; 0.925960206141 ; -0.0655939991761 ; 0.705551781598 ; 0.661905348188 ; 0.751340996754 ; -0.730639506046 ; -0.77692719957 ; 0.636676179225 ; 0.616620758656 ; 0.702323740757 ; -0.162276048706 ; 0.87416938104 ; 0.890579763539 ; 0.685299270842 ; -0.445117328237 ; -0.0646365864015 ; 0.574913147812 ; 0.240996909701 ; -0.768697390585 ; -0.0598550245527 ; 0.743264815473 ; -0.701204123715 ; -0.256352615395 ; 0.584114020397 ; 0.828432762667 ; 0.822983866304 ; -0.0879892414276 ; 0.671693896684 ; 0.562207257439 ; 0.751340996754 ; -0.783148207557 ; -0.77692719957 ; 0.466551302561 ; -0.0717021779098 ; 0.455295091138 ; -0.524787096817 ; 0.668116190734 ; 0.67019083995 ; 0.894436707067 ; -0.341685741397 ; 0.0614715348127 ; 0.564793685651 ; 0.4206580922 ; -0.769633149248 ; NOCORR ; 0.808895907453 ; -0.724739196698 ; -0.319192361279 ; 0.606149391944 ; 0.917237194796 ; 1.0 ; -0.0910999785658 ; 0.698572961665 ; 0.679153805773 ; 0.751340996754 ; -0.717964320554 ; -0.77692719957 ; 0.569476836546 ; 0.0594667304429 ; 0.524409822579 ; -0.417892959937 ; 0.820098809718 ; 0.814918615002 ;
after-density ; -0.175820433944 ; 0.254612491839 ; -0.117302148756 ; NOCORR ; -0.12349763623 ; -0.155520450753 ; -0.0678828629077 ; -0.232899206834 ; -0.132380027017 ; NOCORR ; 0.372826448464 ; -0.181403937288 ; -0.168615999374 ; 0.915929653585 ; -0.0711559885188 ; -0.225570634298 ; -0.269556209854 ; 0.314988340066 ; -0.156126570317 ; -0.284392569893 ; -0.11870311506 ; NOCORR ; -0.285435153486 ; -0.210356954223 ; -0.16714698456 ; -0.167117201849 ; 0.280218617894 ; 0.595798946728 ; -0.122876103003 ; -0.0992419696825 ; -0.141530649277 ; NOCORR ; -0.282169332889 ; NOCORR ; NOCORR ; 0.126416282987 ; -0.231328123916 ; -0.178373241032 ; 0.720540560248 ; -0.132161968489 ; -0.231407203476 ; -0.269556209854 ; 0.223061656775 ; -0.156126570317 ; -0.254612507696 ; 0.639713884774 ; NOCORR ; -0.0984758355126 ; -0.224982248855 ; -0.189944432264 ; -0.0878551585396 ; 0.220270787207 ; 0.442941776578 ; NOCORR ; -0.0645626461344 ; -0.166105568506 ; -0.105843501329 ; -0.211685112096 ; -0.148699649379 ; NOCORR ; 0.459909087538 ; -0.133262803195 ; -0.0910999785658 ; 1.0 ; NOCORR ; -0.163336344322 ; -0.269556209854 ; 0.334027613872 ; -0.156126570317 ; -0.153327652113 ; 0.448306803044 ; 0.406115168806 ; -0.167725008386 ; NOCORR ; 0.0689713392755 ;
after-diameter ; 0.558235714808 ; -0.621430953593 ; 0.396008659542 ; 0.803936463769 ; 0.233286601008 ; -0.838351364014 ; -0.164360977783 ; 0.838547350468 ; -0.805947509527 ; -0.378557478066 ; 0.771577620237 ; 0.781677495549 ; 0.714676755452 ; NOCORR ; 0.84751558103 ; 0.497506928843 ; 0.67857322737 ; -0.805522114704 ; -0.837262637393 ; 0.649937320079 ; 0.412407832189 ; 0.868859690283 ; -0.345854152854 ; 0.715009607332 ; 0.721814337343 ; 0.469132183959 ; -0.576575458125 ; NOCORR ; 0.678753417035 ; 0.101508135106 ; -0.833376810651 ; -0.194180943227 ; 0.745091648762 ; -0.772239477385 ; -0.386267546366 ; 0.652369496036 ; 0.729049074855 ; 0.638354925646 ; NOCORR ; 0.72628883276 ; 0.386459533773 ; 0.67857322737 ; -0.844029703324 ; -0.837262637393 ; 0.359536519744 ; NOCORR ; 0.455077443149 ; -0.642199031224 ; 0.49159896377 ; 0.494013222007 ; 0.549663351503 ; -0.64929449082 ; 0.0985880913018 ; 0.900564707629 ; 0.20748795669 ; -0.84510531577 ; -0.351779699213 ; 0.887066229302 ; -0.855969113212 ; -0.509177378985 ; 0.820566225971 ; 0.786191252086 ; 0.698572961665 ; NOCORR ; 1.0 ; 0.541390189624 ; 0.67857322737 ; -0.771055430368 ; -0.837262637393 ; 0.629910278422 ; 0.0981635333677 ; 0.78457547162 ; -0.597042004417 ; 0.68181577273 ; 0.660266893443 ;
after-edge_count ; 0.650329365887 ; -0.456223902104 ; 0.721527269328 ; 0.432163215175 ; 0.33121469297 ; -0.457372360955 ; -0.159117098915 ; 0.521440571456 ; -0.515508273666 ; -0.326838061064 ; 0.404923538075 ; 0.70586939319 ; 0.743876354939 ; -0.182220044486 ; 0.513085782894 ; 0.88276594645 ; 0.851044856212 ; -0.604288244285 ; -0.454150401537 ; 0.804040141881 ; 0.738568007444 ; 0.477796812094 ; -0.324025196982 ; 0.803231342921 ; 0.766877141997 ; 0.476566224293 ; -0.420444229458 ; -0.0851734116195 ; 0.41680290783 ; 0.167894263979 ; -0.459553120002 ; -0.174483071426 ; 0.469133627312 ; -0.46780788692 ; -0.258803267431 ; 0.358151918416 ; 0.638652278114 ; 0.60708238773 ; -0.166015750332 ; 0.435447301141 ; 0.634462974324 ; 0.851044856212 ; -0.614540674578 ; -0.454150401537 ; 0.445440403377 ; -0.0882759101238 ; 0.175651704694 ; -0.511175154015 ; 0.481945431083 ; 0.441424098703 ; 0.608468037862 ; -0.531679549066 ; 0.111812297382 ; 0.506858104642 ; 0.410221732065 ; -0.47003399512 ; -0.299586828708 ; 0.555341067437 ; -0.493024485929 ; -0.351396047814 ; 0.406639586799 ; 0.736837704126 ; 0.679153805773 ; -0.163336344322 ; 0.541390189624 ; 1.0 ; 0.851044856212 ; -0.532981739362 ; -0.454150401537 ; 0.883839094226 ; 0.113507664806 ; 0.413167306619 ; -0.3842059568 ; 0.807140038901 ; 0.721694068414 ;
after-vertex_count ; 0.781827464662 ; -0.639622174358 ; 0.783755336954 ; 0.634867871849 ; 0.452945757067 ; -0.640593044428 ; -0.222512287254 ; 0.726869880065 ; -0.72359052556 ; -0.38669821811 ; 0.582543705231 ; 0.858483077715 ; 0.869734823115 ; -0.240819673617 ; 0.732835442826 ; 0.94743100833 ; 1.0 ; -0.842261556349 ; -0.636787303086 ; 0.964449385412 ; 0.800896779765 ; 0.69976978138 ; -0.446182905982 ; 0.933897491503 ; 0.896413592893 ; 0.671999272277 ; -0.660343073528 ; -0.0994760193109 ; 0.659996076118 ; 0.353824946857 ; -0.653909490565 ; -0.304254944568 ; 0.727931237705 ; -0.651889372157 ; -0.3436714296 ; 0.552544164498 ; 0.853836739086 ; 0.78202444318 ; -0.17011556057 ; 0.705153312448 ; 0.859928983495 ; 1.0 ; -0.765577980692 ; -0.636787303086 ; 0.781592489966 ; -0.104149517668 ; 0.496429185298 ; -0.593661173993 ; 0.780517156059 ; 0.728534548305 ; 0.64636310393 ; -0.646265485306 ; NOCORR ; 0.647460205635 ; 0.350304868233 ; -0.645152201422 ; -0.334780441499 ; 0.729906578867 ; -0.706703349603 ; -0.434321138653 ; 0.535096484099 ; 0.833554425217 ; 0.751340996754 ; -0.269556209854 ; 0.67857322737 ; 0.851044856212 ; 1.0 ; -0.818782285066 ; -0.636787303086 ; 0.725698157246 ; NOCORR ; 0.330444902405 ; -0.629647626043 ; 0.66443906001 ; 0.578158928625 ;
after-average_eigenvector_centrality ; -0.684077701629 ; 0.738868471277 ; -0.518266437187 ; -0.796355013702 ; -0.333176574925 ; 0.818158627733 ; 0.197084432843 ; -0.898866820413 ; 0.81771338505 ; 0.387221591375 ; -0.701029500865 ; -0.868728721652 ; -0.810709020909 ; 0.23580809293 ; -0.858458202111 ; -0.636702779241 ; -0.818782285066 ; 0.960653787769 ; 0.815997358021 ; -0.769070866407 ; -0.532144728806 ; -0.863336886191 ; 0.364976806654 ; -0.836625594335 ; -0.818912179044 ; -0.630647081827 ; 0.762244435212 ; 0.101055850191 ; -0.804703283828 ; -0.251773578268 ; 0.834050259385 ; 0.296531571971 ; -0.912868884625 ; 0.802088221067 ; 0.431167872279 ; -0.691641636714 ; -0.887354718577 ; -0.773640698292 ; 0.149382050665 ; -0.855328944645 ; -0.619887110726 ; -0.818782285066 ; 0.871612283778 ; 0.815997358021 ; -0.648713300623 ; 0.110143943572 ; -0.682171205959 ; 0.588015843385 ; -0.76231559957 ; -0.74456164492 ; -0.576071018487 ; 0.675899692858 ; 0.0602697697147 ; -0.729065083945 ; -0.21752287751 ; 0.805932609996 ; 0.286358622598 ; -0.855907305023 ; 0.84179295622 ; 0.468737981792 ; -0.631162075051 ; -0.805467479822 ; -0.717964320554 ; 0.334027613872 ; -0.771055430368 ; -0.532981739362 ; -0.818782285066 ; 1.0 ; 0.815997358021 ; -0.499747866509 ; 0.0627898383936 ; -0.347298236921 ; 0.706992399757 ; -0.525826090352 ; -0.465187576036 ;
after-average_pagerank_centrality ; -0.623580787722 ; 0.578681555137 ; -0.414096957028 ; -0.812012318887 ; -0.228820396322 ; 0.998768172566 ; 0.148294055826 ; -0.877674347047 ; 0.890981070064 ; 0.384506030473 ; -0.907233104577 ; -0.851985831406 ; -0.79102587781 ; -0.2598981098 ; -0.851474260317 ; -0.460456739125 ; -0.636787303086 ; 0.798264484071 ; 1.0 ; -0.543400150549 ; -0.428986113484 ; -0.891631232417 ; 0.330310190949 ; -0.763308652708 ; -0.792685720563 ; -0.565367551512 ; 0.563065663353 ; -0.183636212337 ; -0.743217073268 ; -0.14845966131 ; 0.994482175817 ; 0.200666933608 ; -0.808463514076 ; 0.874571366195 ; 0.423188861444 ; -0.809553348149 ; -0.802669400625 ; -0.736578717765 ; -0.210280551738 ; -0.812657422909 ; -0.411752279279 ; -0.636787303086 ; 0.840616688478 ; 1.0 ; -0.405552648268 ; -0.193707719049 ; -0.647995642984 ; 0.654149865781 ; -0.616962313112 ; -0.640226051732 ; -0.615615868338 ; 0.555955315202 ; -0.186521085286 ; -0.752306805358 ; -0.188701245533 ; 0.996280055622 ; 0.240195143661 ; -0.855438813126 ; 0.886795693083 ; 0.463712816655 ; -0.834731728637 ; -0.832845286492 ; -0.77692719957 ; -0.156126570317 ; -0.837262637393 ; -0.454150401537 ; -0.636787303086 ; 0.815997358021 ; 1.0 ; -0.437125677319 ; -0.187414077931 ; -0.651920363873 ; 0.585716208494 ; -0.672008798171 ; -0.678087784231 ;
after-average_betweeness_centrality ; 0.497026373781 ; -0.483306764746 ; 0.5602048318 ; 0.488034196999 ; 0.238121895284 ; -0.441476162173 ; -0.186348847942 ; 0.51903872048 ; -0.507593323092 ; -0.339196876245 ; 0.421095984615 ; 0.59900980822 ; 0.600131885996 ; -0.19598866214 ; 0.540109432549 ; 0.674194643308 ; 0.725698157246 ; -0.605697892847 ; -0.437125677319 ; 0.729088419263 ; 0.576739034197 ; 0.524866472437 ; -0.339210519832 ; 0.650288456644 ; 0.615394513073 ; 0.314888386858 ; -0.374556233349 ; -0.0910010901806 ; 0.387640423781 ; NOCORR ; -0.434963022159 ; -0.141007135213 ; 0.412022204506 ; -0.473991472363 ; -0.271550415653 ; 0.324739670548 ; 0.509929620209 ; 0.461404021347 ; -0.196826616612 ; 0.38883062938 ; 0.375079422919 ; 0.725698157246 ; -0.648000852853 ; -0.437125677319 ; 0.23203536827 ; -0.0933385905433 ; NOCORR ; -0.562018135039 ; 0.249152237407 ; 0.218913625497 ; 0.498276246082 ; -0.588168429637 ; 0.164468790199 ; 0.608526535631 ; 0.376815456063 ; -0.457318161204 ; -0.352104066859 ; 0.578862496849 ; -0.484797569388 ; -0.379585533438 ; 0.443922361022 ; 0.640098171403 ; 0.569476836546 ; -0.153327652113 ; 0.629910278422 ; 0.883839094226 ; 0.725698157246 ; -0.499747866509 ; -0.437125677319 ; 1.0 ; 0.166244400716 ; 0.59437067283 ; -0.3498204934 ; 0.777100754059 ; 0.690664240636 ;
after-average_closeness ; NOCORR ; NOCORR ; 0.114694896708 ; 0.110376819998 ; NOCORR ; -0.18934626816 ; -0.112267787704 ; NOCORR ; -0.203331515849 ; -0.0985225298591 ; 0.310594739009 ; NOCORR ; NOCORR ; 0.480619021479 ; 0.0843704221421 ; NOCORR ; NOCORR ; NOCORR ; -0.187414077931 ; NOCORR ; 0.112694597083 ; 0.111427967732 ; -0.254437377184 ; NOCORR ; NOCORR ; NOCORR ; 0.091699593588 ; 0.367965722191 ; NOCORR ; NOCORR ; -0.175375551916 ; NOCORR ; -0.111480601739 ; -0.120280259344 ; NOCORR ; 0.132102108197 ; -0.070009052677 ; NOCORR ; 0.363991022124 ; NOCORR ; -0.0621722177819 ; NOCORR ; NOCORR ; -0.187414077931 ; -0.0660395460512 ; 0.395535171575 ; NOCORR ; -0.198062345412 ; -0.0703631801606 ; -0.0603520035843 ; NOCORR ; NOCORR ; 0.993583256656 ; 0.0982918923494 ; NOCORR ; -0.193980754755 ; -0.0703895250985 ; NOCORR ; -0.131569157868 ; -0.0590491143195 ; 0.243533090378 ; NOCORR ; 0.0594667304429 ; 0.448306803044 ; 0.0981635333677 ; 0.113507664806 ; NOCORR ; 0.0627898383936 ; -0.187414077931 ; 0.166244400716 ; 1.0 ; 0.254394717141 ; -0.115234781487 ; 0.152800894684 ; 0.168896450751 ;
after-average_eccentricity ; 0.307237869467 ; -0.332950949483 ; 0.187715419709 ; 0.555519376066 ; NOCORR ; -0.651492598286 ; -0.075983445153 ; 0.549330950178 ; -0.580688242984 ; -0.264409991201 ; 0.631271186888 ; 0.497555613228 ; 0.447395983892 ; 0.285560083048 ; 0.562602587017 ; 0.202715520839 ; 0.330444902405 ; -0.447625411053 ; -0.651920363873 ; 0.293238665063 ; 0.197785866769 ; 0.60433499656 ; -0.233092442565 ; 0.417978893508 ; 0.44415397263 ; 0.198024237711 ; -0.195310752559 ; 0.120880557553 ; 0.344065256746 ; -0.076842458078 ; -0.624115325047 ; NOCORR ; 0.372392526666 ; -0.553399289312 ; -0.244146051443 ; 0.438310712374 ; 0.369712998936 ; 0.350518800981 ; 0.119488545432 ; 0.381308037284 ; NOCORR ; 0.330444902405 ; -0.61283020486 ; -0.651920363873 ; -0.071500038104 ; 0.134545980347 ; 0.0724433935255 ; -0.542436630749 ; 0.0672946974858 ; 0.0912322036223 ; 0.422014023566 ; -0.452059479681 ; 0.252147360462 ; 0.723223800563 ; 0.176174851297 ; -0.673832328067 ; -0.323520419136 ; 0.637623400777 ; -0.644205746592 ; -0.408120517592 ; 0.790536010994 ; 0.577467571408 ; 0.524409822579 ; 0.406115168806 ; 0.78457547162 ; 0.413167306619 ; 0.330444902405 ; -0.347298236921 ; -0.651920363873 ; 0.59437067283 ; 0.254394717141 ; 1.0 ; -0.332941471327 ; 0.719337964342 ; 0.735146302878 ;
after-average_hub ; -0.457615224651 ; 0.550671040814 ; -0.446248612458 ; -0.638655680379 ; -0.278735188399 ; 0.591585898429 ; 0.346403612209 ; -0.516521666016 ; 0.76849123876 ; 0.363706271797 ; -0.726592454093 ; -0.543517042941 ; -0.51285601708 ; -0.152068120483 ; -0.645572218589 ; -0.518051140962 ; -0.629647626043 ; 0.676378596717 ; 0.585716208494 ; -0.631447294634 ; -0.455070500657 ; -0.670910357112 ; 0.766209360615 ; -0.563265470843 ; -0.527150997531 ; -0.427566681258 ; 0.594451675406 ; -0.213165325432 ; -0.616364420735 ; -0.228918276218 ; 0.623606131187 ; 0.419915909533 ; -0.596775742867 ; 0.585885455785 ; 0.386673692933 ; -0.555310332506 ; -0.597621621746 ; -0.496659116715 ; -0.208299917916 ; -0.621534506524 ; -0.529381463359 ; -0.629647626043 ; 0.507719243431 ; 0.585716208494 ; -0.56985064885 ; -0.229997205139 ; -0.593140468426 ; 0.544063085185 ; -0.575079553713 ; -0.543550850913 ; -0.330960877395 ; 0.486327028134 ; -0.116558243708 ; -0.624665633264 ; -0.1535776267 ; 0.58233138661 ; 0.458515462806 ; -0.479694797965 ; 0.829869678561 ; 0.457794308373 ; -0.756057136369 ; -0.489868224484 ; -0.417892959937 ; -0.167725008386 ; -0.597042004417 ; -0.3842059568 ; -0.629647626043 ; 0.706992399757 ; 0.585716208494 ; -0.3498204934 ; -0.115234781487 ; -0.332941471327 ; 1.0 ; -0.243021797616 ; -0.178821585542 ;
after-average_degree ; 0.62877549879 ; -0.430509114185 ; 0.535294149311 ; 0.528279743858 ; 0.210730546591 ; -0.671300722657 ; NOCORR ; 0.697413017195 ; -0.597897228884 ; -0.304009508692 ; 0.513207239869 ; 0.797706685787 ; 0.78668559211 ; NOCORR ; 0.592464642276 ; 0.601429062083 ; 0.66443906001 ; -0.614263642676 ; -0.672008798171 ; 0.558052628206 ; 0.553896176473 ; 0.592126422642 ; -0.124518665376 ; 0.782122012757 ; 0.793647575088 ; 0.466999100379 ; -0.33991889543 ; -0.0734724878073 ; 0.435950441838 ; NOCORR ; -0.654357676788 ; NOCORR ; 0.560518763625 ; -0.618360692417 ; -0.266098362904 ; 0.462200351058 ; 0.65977977941 ; 0.647338505105 ; -0.125696515974 ; 0.494403202583 ; 0.360044966011 ; 0.66443906001 ; -0.754505639154 ; -0.672008798171 ; 0.198560613718 ; -0.0780967400529 ; 0.167162438445 ; -0.555479108938 ; 0.384032865769 ; 0.387608065679 ; 0.70589623448 ; -0.528595083192 ; 0.150836575743 ; 0.600735185026 ; 0.349160217588 ; -0.691070423603 ; -0.229947245026 ; 0.74728378806 ; -0.600431813056 ; -0.379406612289 ; 0.564771284765 ; 0.870809316394 ; 0.820098809718 ; NOCORR ; 0.68181577273 ; 0.807140038901 ; 0.66443906001 ; -0.525826090352 ; -0.672008798171 ; 0.777100754059 ; 0.152800894684 ; 0.719337964342 ; -0.243021797616 ; 1.0 ; 0.975724043461 ;
after-average_coreness ; 0.587512839065 ; -0.368139749682 ; 0.462509843356 ; 0.498391767015 ; 0.176175830152 ; -0.676119643496 ; NOCORR ; 0.681101370135 ; -0.566354017908 ; -0.263922603011 ; 0.503652668443 ; 0.769933150077 ; 0.75282739959 ; NOCORR ; 0.559517270289 ; 0.51239204274 ; 0.578158928625 ; -0.548712511921 ; -0.678087784231 ; 0.464346943398 ; 0.481484727926 ; 0.566052698744 ; NOCORR ; 0.727592198877 ; 0.75690372279 ; 0.438026927625 ; -0.279394022004 ; NOCORR ; 0.401680953405 ; NOCORR ; -0.655013727802 ; NOCORR ; 0.529066420998 ; -0.599399480983 ; -0.23935880627 ; 0.452968783734 ; 0.61761138079 ; 0.617556146744 ; -0.0832226987541 ; 0.466177482768 ; 0.288614991114 ; 0.578158928625 ; -0.716570876274 ; -0.678087784231 ; 0.136898984516 ; NOCORR ; 0.156383485897 ; -0.510465849038 ; 0.345405588609 ; 0.360535623554 ; 0.689421774196 ; -0.460953760151 ; 0.16595223174 ; 0.565933328326 ; 0.311905476038 ; -0.696026395072 ; -0.178908914317 ; 0.726358843662 ; -0.578492391071 ; -0.34331131322 ; 0.568514842067 ; 0.854019571232 ; 0.814918615002 ; 0.0689713392755 ; 0.660266893443 ; 0.721694068414 ; 0.578158928625 ; -0.465187576036 ; -0.678087784231 ; 0.690664240636 ; 0.168896450751 ; 0.735146302878 ; -0.178821585542 ; 0.975724043461 ; 1.0 ;
